company_id,company_name,industry,size,contract_value,date,quarter,year,deal_stage,renewal_probability,upsell_opportunity,active_users,feature_adoption_rate,custom_integrations,pending_feature_requests,ticket_volume,avg_resolution_time_hours,csat_score,sla_compliance_rate,health_score
COMP0000,Company 0000,Healthcare,Medium,71538,2023-01-04,Q1,2023,Live,84,5000,94,0.46,3,1,19,39.0,4.3,0.83,72.8
COMP0001,Company 0001,Healthcare,Small,53637,2023-01-06,Q1,2023,At Risk,63,15000,13,0.6,5,0,22,21.1,4.3,0.83,70.7
COMP0002,Company 0002,Finance,Medium,20944,2023-01-07,Q1,2023,At Risk,93,15000,14,0.64,3,6,38,16.6,5.0,0.91,85.3
COMP0003,Company 0003,Manufacturing,Medium,83745,2023-01-07,Q1,2023,At Risk,70,0,81,0.55,2,9,37,22.0,5.0,0.9,75.5
COMP0004,Company 0004,Technology,Small,34880,2023-01-07,Q1,2023,Stable,78,10000,16,0.87,0,8,28,7.0,3.8,0.97,84.1
COMP0005,Company 0005,Finance,Medium,41739,2023-01-07,Q1,2023,Implementation,67,20000,64,0.4,5,1,40,6.0,3.8,0.95,66.3
COMP0006,Company 0006,Finance,Small,30467,2023-01-07,Q1,2023,Implementation,87,0,7,0.92,4,3,10,25.2,3.8,0.91,87.1
COMP0007,Company 0007,Technology,Small,10123,2023-01-08,Q1,2023,Stable,75,5000,88,0.49,5,10,41,34.9,4.6,1.0,75.6
COMP0008,Company 0008,Healthcare,Small,96707,2023-01-10,Q1,2023,At Risk,70,20000,81,0.45,1,1,50,16.0,4.3,0.88,69.3
COMP0009,Company 0009,Retail,Medium,72595,2023-01-10,Q1,2023,Implementation,93,20000,29,0.58,4,6,34,16.0,4.0,0.89,79.1
COMP0010,Company 0010,Manufacturing,Enterprise,10255,2023-01-13,Q1,2023,At Risk,76,15000,72,0.68,3,0,23,9.0,4.1,0.97,79.0
COMP0011,Company 0011,Healthcare,Medium,59725,2023-01-14,Q1,2023,Stable,100,10000,10,0.54,1,10,22,39.0,3.8,0.83,78.0
COMP0012,Company 0012,Technology,Medium,92540,2023-01-14,Q1,2023,Live,99,15000,66,0.69,5,9,30,22.5,3.9,0.9,84.0
COMP0013,Company 0013,Technology,Small,72426,2023-01-17,Q1,2023,Implementation,83,0,13,0.93,1,9,39,47.5,4.7,0.93,90.2
COMP0014,Company 0014,Manufacturing,Small,10197,2023-01-17,Q1,2023,Stable,92,15000,96,0.74,3,9,33,37.3,4.0,0.85,82.8
COMP0015,Company 0015,Healthcare,Enterprise,88622,2023-01-18,Q1,2023,Implementation,65,0,47,0.41,2,0,28,11.0,4.8,0.92,69.4
COMP0016,Company 0016,Finance,Small,55708,2023-01-20,Q1,2023,Live,67,20000,59,0.72,5,3,13,30.9,4.1,0.92,76.5
COMP0017,Company 0017,Healthcare,Enterprise,12477,2023-01-21,Q1,2023,Implementation,82,10000,27,0.86,3,4,21,36.5,4.3,0.89,85.4
COMP0018,Company 0018,Retail,Medium,19371,2023-01-21,Q1,2023,Stable,96,5000,11,0.69,0,7,10,38.6,4.3,0.99,86.5
COMP0019,Company 0019,Retail,Enterprise,32979,2023-01-23,Q1,2023,Stable,89,15000,12,0.58,3,0,27,24.2,3.6,0.91,76.7
COMP0020,Company 0020,Healthcare,Small,15201,2023-01-24,Q1,2023,Stable,83,0,26,0.9,4,2,41,31.3,4.9,0.85,88.5
COMP0021,Company 0021,Manufacturing,Medium,67865,2023-01-27,Q1,2023,Live,94,10000,50,0.84,0,6,11,38.8,5.0,0.87,90.8
COMP0022,Company 0022,Retail,Small,85356,2023-01-28,Q1,2023,Live,69,10000,29,0.79,2,1,17,32.1,4.9,0.96,83.2
COMP0023,Company 0023,Healthcare,Enterprise,37222,2023-01-31,Q1,2023,Live,98,0,71,0.55,3,3,8,14.8,4.0,0.98,81.5
COMP0024,Company 0024,Manufacturing,Small,57173,2023-01-31,Q1,2023,At Risk,87,5000,90,0.47,3,5,11,14.9,5.0,0.85,77.2
COMP0025,Company 0025,Manufacturing,Small,15868,2023-01-31,Q1,2023,Live,62,5000,87,0.67,3,1,45,30.9,4.2,0.96,74.7
COMP0026,Company 0026,Technology,Enterprise,62520,2023-02-02,Q1,2023,Live,90,5000,99,0.91,1,3,18,9.5,4.1,0.97,90.1
COMP0027,Company 0027,Healthcare,Medium,30586,2023-02-02,Q1,2023,Stable,88,20000,20,0.9,5,9,35,25.0,4.4,0.98,90.6
COMP0028,Company 0028,Technology,Enterprise,68425,2023-02-03,Q1,2023,At Risk,91,20000,22,0.76,5,1,18,34.7,3.8,0.82,81.7
COMP0029,Company 0029,Technology,Medium,71277,2023-02-05,Q1,2023,Live,68,15000,25,0.78,4,6,5,8.5,4.3,0.98,80.6
COMP0030,Company 0030,Technology,Small,24576,2023-02-08,Q1,2023,Stable,95,15000,36,0.61,4,10,30,34.5,3.8,0.88,79.6
COMP0031,Company 0031,Manufacturing,Enterprise,84898,2023-02-08,Q1,2023,Live,71,5000,62,0.57,1,4,42,7.5,3.7,0.88,70.8
COMP0032,Company 0032,Technology,Enterprise,48736,2023-02-08,Q1,2023,At Risk,81,20000,48,0.79,4,0,42,43.5,4.7,0.87,84.2
COMP0033,Company 0033,Manufacturing,Enterprise,19371,2023-02-10,Q1,2023,Implementation,98,0,95,0.45,1,4,15,42.5,3.6,1.0,77.3
COMP0034,Company 0034,Manufacturing,Enterprise,58236,2023-02-10,Q1,2023,Implementation,79,0,9,0.86,0,8,11,42.1,4.7,0.86,85.5
COMP0035,Company 0035,Manufacturing,Small,42252,2023-02-11,Q1,2023,At Risk,75,20000,15,0.79,0,1,45,23.0,3.8,0.99,81.2
COMP0036,Company 0036,Healthcare,Medium,99624,2023-02-13,Q1,2023,Live,93,20000,52,0.75,3,7,15,43.3,4.8,0.89,87.4
COMP0037,Company 0037,Manufacturing,Enterprise,17006,2023-02-13,Q1,2023,Live,76,5000,71,0.66,0,7,39,32.3,4.9,0.91,80.4
COMP0038,Company 0038,Finance,Medium,83619,2023-02-16,Q1,2023,At Risk,77,5000,43,0.66,1,0,25,37.6,4.1,0.96,78.5
COMP0039,Company 0039,Finance,Small,40235,2023-02-19,Q1,2023,Implementation,70,0,76,0.87,1,5,40,34.9,3.6,0.93,80.1
COMP0040,Company 0040,Healthcare,Small,28990,2023-02-22,Q1,2023,Stable,89,20000,43,0.94,3,9,10,39.1,3.7,0.91,87.9
COMP0041,Company 0041,Retail,Medium,96577,2023-02-25,Q1,2023,At Risk,90,5000,95,0.86,2,2,50,44.7,4.8,0.92,90.4
COMP0042,Company 0042,Technology,Enterprise,88452,2023-02-26,Q1,2023,Implementation,74,15000,6,0.7,3,7,40,14.2,4.6,0.89,79.4
COMP0043,Company 0043,Retail,Small,91634,2023-02-27,Q1,2023,At Risk,69,15000,62,0.74,0,1,43,45.1,4.9,0.95,81.5
COMP0044,Company 0044,Manufacturing,Small,39559,2023-02-28,Q1,2023,Implementation,74,0,84,0.73,3,6,21,21.8,4.0,0.9,78.1
COMP0045,Company 0045,Manufacturing,Enterprise,95895,2023-03-01,Q1,2023,Live,64,0,68,0.44,5,10,8,36.0,4.1,0.83,65.4
COMP0046,Company 0046,Finance,Enterprise,75102,2023-03-01,Q1,2023,Stable,98,20000,26,0.74,3,7,33,7.1,3.7,0.87,83.8
COMP0047,Company 0047,Manufacturing,Enterprise,36765,2023-03-04,Q1,2023,Stable,86,10000,63,0.88,4,8,8,33.2,4.4,0.85,86.8
COMP0048,Company 0048,Finance,Medium,82365,2023-03-06,Q1,2023,Stable,83,5000,75,0.51,1,2,46,42.9,4.1,0.91,74.8
COMP0049,Company 0049,Technology,Enterprise,20190,2023-03-09,Q1,2023,Live,75,5000,37,0.57,5,6,42,44.9,4.9,0.84,76.0
COMP0050,Company 0050,Technology,Enterprise,19972,2023-03-09,Q1,2023,Implementation,92,20000,96,0.66,0,3,17,44.8,3.9,0.92,81.4
COMP0051,Company 0051,Technology,Small,47761,2023-03-09,Q1,2023,At Risk,85,15000,19,0.87,1,5,12,27.3,4.2,0.83,85.0
COMP0052,Company 0052,Manufacturing,Small,28323,2023-03-12,Q1,2023,At Risk,72,20000,30,0.65,3,10,23,1.2,3.5,0.97,74.5
COMP0053,Company 0053,Healthcare,Small,34106,2023-03-15,Q1,2023,Implementation,93,0,67,0.9,3,9,43,39.9,4.0,0.96,90.1
COMP0054,Company 0054,Retail,Small,54033,2023-03-15,Q1,2023,Implementation,85,15000,66,0.86,5,10,15,8.3,3.7,0.84,82.9
COMP0055,Company 0055,Technology,Enterprise,83520,2023-03-17,Q1,2023,Implementation,91,10000,46,0.4,5,6,23,37.8,4.6,0.93,76.3
COMP0056,Company 0056,Healthcare,Small,22176,2023-03-18,Q1,2023,At Risk,83,0,23,0.49,1,7,42,7.0,3.9,0.98,74.8
COMP0057,Company 0057,Finance,Enterprise,67597,2023-03-19,Q1,2023,At Risk,82,10000,78,0.5,4,6,46,22.3,4.7,0.99,78.2
COMP0058,Company 0058,Retail,Medium,99078,2023-03-21,Q1,2023,Stable,87,5000,18,0.52,0,10,33,26.3,3.6,0.88,73.7
COMP0059,Company 0059,Technology,Enterprise,75687,2023-03-24,Q1,2023,At Risk,61,20000,37,0.8,2,6,14,35.7,4.7,0.88,78.7
COMP0060,Company 0060,Healthcare,Small,79426,2023-03-24,Q1,2023,Live,78,20000,43,0.57,1,3,12,39.3,3.8,0.89,73.5
COMP0061,Company 0061,Technology,Small,66983,2023-03-27,Q1,2023,At Risk,85,15000,79,0.6,3,0,41,17.0,4.8,0.91,80.9
COMP0062,Company 0062,Healthcare,Enterprise,53777,2023-03-28,Q1,2023,Implementation,84,5000,98,0.6,2,5,32,28.8,4.9,0.82,79.2
COMP0063,Company 0063,Manufacturing,Enterprise,27983,2023-03-31,Q1,2023,Live,65,20000,37,0.93,2,6,20,7.3,3.6,0.85,78.8
COMP0064,Company 0064,Technology,Medium,87483,2023-03-31,Q1,2023,Stable,85,10000,58,0.63,1,9,13,1.9,3.7,0.96,78.4
COMP0065,Company 0065,Technology,Enterprise,34806,2023-04-03,Q2,2023,Stable,66,0,49,0.73,1,10,31,15.5,4.0,0.95,76.7
COMP0066,Company 0066,Healthcare,Enterprise,76176,2023-04-04,Q2,2023,Stable,88,0,65,0.69,2,4,16,3.5,4.3,0.93,82.9
COMP0067,Company 0067,Technology,Medium,42255,2023-04-05,Q2,2023,Implementation,96,10000,14,0.42,5,5,49,39.8,4.1,0.85,74.8
COMP0068,Company 0068,Finance,Enterprise,93090,2023-04-08,Q2,2023,Stable,91,15000,67,0.95,4,2,19,46.0,4.3,0.82,89.4
COMP0069,Company 0069,Manufacturing,Medium,47302,2023-04-09,Q2,2023,Live,69,20000,44,0.93,4,8,44,45.9,4.7,0.85,84.4
COMP0070,Company 0070,Healthcare,Medium,89679,2023-04-09,Q2,2023,Stable,62,5000,49,0.42,5,2,37,20.2,4.1,0.98,67.2
COMP0071,Company 0071,Technology,Medium,44761,2023-04-12,Q2,2023,Stable,100,20000,49,0.46,3,9,9,26.7,4.7,0.84,79.4
COMP0072,Company 0072,Manufacturing,Enterprise,40703,2023-04-12,Q2,2023,Stable,67,15000,74,0.64,5,9,31,29.5,4.3,0.81,72.7
COMP0073,Company 0073,Technology,Enterprise,87749,2023-04-12,Q2,2023,Implementation,94,20000,34,0.56,2,1,47,46.6,4.1,0.83,78.0
COMP0074,Company 0074,Retail,Small,25124,2023-04-14,Q2,2023,Live,92,10000,77,0.52,4,5,11,20.4,3.7,0.99,77.8
COMP0075,Company 0075,Retail,Medium,18369,2023-04-15,Q2,2023,Live,80,5000,88,0.74,4,6,23,47.7,4.7,0.88,82.6
COMP0076,Company 0076,Technology,Enterprise,84794,2023-04-17,Q2,2023,At Risk,97,20000,77,0.77,1,6,19,17.1,4.5,0.88,87.8
COMP0077,Company 0077,Technology,Medium,18472,2023-04-18,Q2,2023,At Risk,85,5000,91,0.53,2,2,8,38.0,4.8,0.9,78.6
COMP0078,Company 0078,Healthcare,Small,35973,2023-04-21,Q2,2023,Stable,90,10000,65,0.84,2,10,12,43.9,4.6,0.91,88.8
COMP0079,Company 0079,Healthcare,Small,42410,2023-04-24,Q2,2023,Implementation,64,15000,61,0.88,2,4,37,40.6,4.4,0.92,81.6
COMP0080,Company 0080,Retail,Medium,22372,2023-04-27,Q2,2023,Live,94,15000,79,0.59,1,1,30,20.9,5.0,0.98,85.5
COMP0081,Company 0081,Manufacturing,Enterprise,78270,2023-04-28,Q2,2023,At Risk,71,5000,5,0.82,0,1,50,32.1,4.7,0.99,84.5
COMP0082,Company 0082,Finance,Small,51069,2023-04-30,Q2,2023,Live,75,15000,8,0.77,4,4,30,42.9,4.9,0.99,85.0
COMP0083,Company 0083,Retail,Enterprise,23222,2023-05-02,Q2,2023,At Risk,83,20000,91,0.63,4,7,28,47.7,4.4,0.97,80.8
COMP0084,Company 0084,Healthcare,Enterprise,88159,2023-05-03,Q2,2023,Live,60,10000,29,0.67,3,6,36,2.7,4.4,0.98,75.3
COMP0085,Company 0085,Manufacturing,Small,40371,2023-05-03,Q2,2023,Live,92,10000,39,0.84,3,5,47,29.0,4.2,0.84,86.4
COMP0086,Company 0086,Healthcare,Small,32901,2023-05-06,Q2,2023,Stable,72,15000,35,0.73,5,7,25,27.0,4.7,0.8,78.3
COMP0087,Company 0087,Healthcare,Medium,74847,2023-05-09,Q2,2023,At Risk,68,20000,94,0.41,4,9,47,36.6,4.3,0.91,68.1
COMP0088,Company 0088,Healthcare,Medium,38842,2023-05-09,Q2,2023,Implementation,91,20000,87,0.85,2,9,26,37.3,3.9,0.91,86.6
COMP0089,Company 0089,Technology,Medium,34628,2023-05-12,Q2,2023,At Risk,87,10000,28,0.8,0,1,17,17.1,4.6,0.87,85.9
COMP0090,Company 0090,Healthcare,Small,42138,2023-05-13,Q2,2023,Implementation,76,10000,85,0.87,0,6,25,7.6,4.6,0.89,85.1
COMP0091,Company 0091,Healthcare,Medium,37931,2023-05-14,Q2,2023,At Risk,75,10000,44,0.75,1,2,6,14.1,4.9,0.98,84.2
COMP0092,Company 0092,Technology,Small,88557,2023-05-16,Q2,2023,Implementation,60,10000,12,0.78,0,8,15,1.1,3.7,0.86,73.4
COMP0093,Company 0093,Retail,Medium,42130,2023-05-18,Q2,2023,At Risk,63,15000,79,0.92,3,10,35,31.6,5.0,0.82,82.9
COMP0094,Company 0094,Technology,Small,83004,2023-05-21,Q2,2023,Live,72,0,70,0.9,3,6,12,2.1,3.5,0.86,79.8
COMP0095,Company 0095,Finance,Small,95510,2023-05-22,Q2,2023,Live,89,10000,64,0.53,2,2,17,9.7,4.7,0.98,81.0
COMP0096,Company 0096,Manufacturing,Enterprise,61442,2023-05-24,Q2,2023,Stable,91,10000,46,0.76,1,10,6,7.3,4.1,0.99,86.3
COMP0097,Company 0097,Healthcare,Enterprise,35990,2023-05-26,Q2,2023,Live,78,10000,73,0.84,4,5,27,11.7,4.6,0.89,84.8
COMP0098,Company 0098,Finance,Small,49048,2023-05-27,Q2,2023,Live,83,10000,50,0.43,0,8,37,40.6,4.9,0.92,75.8
COMP0099,Company 0099,Retail,Medium,83127,2023-05-28,Q2,2023,Implementation,73,20000,70,0.93,5,0,12,15.9,4.1,0.85,83.2
COMP0100,Company 0100,Technology,Enterprise,90220,2023-05-29,Q2,2023,Live,73,20000,42,0.87,5,8,21,11.3,3.6,0.98,82.0
COMP0101,Company 0101,Technology,Small,83143,2023-06-01,Q2,2023,Stable,63,10000,29,0.76,0,6,29,18.0,3.5,0.98,75.3
COMP0102,Company 0102,Manufacturing,Medium,49981,2023-06-03,Q2,2023,Live,62,15000,81,0.8,5,6,18,30.7,3.7,0.83,74.0
COMP0103,Company 0103,Retail,Enterprise,49825,2023-06-03,Q2,2023,Stable,83,20000,96,0.52,2,5,19,13.7,4.2,0.95,76.3
COMP0104,Company 0104,Retail,Medium,75878,2023-06-03,Q2,2023,Implementation,71,5000,17,0.53,4,7,34,43.8,4.3,0.91,72.6
COMP0105,Company 0105,Finance,Medium,98713,2023-06-04,Q2,2023,Implementation,96,20000,37,0.9,1,0,32,27.0,4.9,0.89,93.2
COMP0106,Company 0106,Healthcare,Small,63498,2023-06-06,Q2,2023,At Risk,87,20000,21,0.76,2,5,10,24.8,3.8,0.97,83.5
COMP0107,Company 0107,Manufacturing,Medium,28606,2023-06-06,Q2,2023,At Risk,66,10000,43,0.82,4,10,50,1.4,3.8,0.96,78.8
COMP0108,Company 0108,Manufacturing,Enterprise,31766,2023-06-07,Q2,2023,Live,67,20000,33,0.66,1,4,29,45.7,3.5,0.94,72.7
COMP0109,Company 0109,Healthcare,Medium,49662,2023-06-10,Q2,2023,Stable,94,0,12,0.41,3,8,24,10.6,4.5,0.89,76.3
COMP0110,Company 0110,Manufacturing,Small,43584,2023-06-13,Q2,2023,At Risk,65,15000,99,0.72,0,7,40,28.4,4.0,0.98,76.7
COMP0111,Company 0111,Technology,Medium,88933,2023-06-15,Q2,2023,Live,62,0,85,0.91,2,1,26,18.1,3.7,0.88,78.3
COMP0112,Company 0112,Technology,Small,36365,2023-06-18,Q2,2023,Implementation,92,10000,74,0.47,4,7,30,46.5,3.9,0.95,76.3
COMP0113,Company 0113,Retail,Enterprise,55015,2023-06-18,Q2,2023,Implementation,91,20000,54,0.52,5,8,33,16.7,4.1,0.87,76.7
COMP0114,Company 0114,Technology,Small,21322,2023-06-18,Q2,2023,At Risk,92,10000,79,0.67,5,8,21,3.8,4.7,0.96,85.7
COMP0115,Company 0115,Finance,Medium,66586,2023-06-20,Q2,2023,Stable,62,5000,16,0.6,5,3,25,28.8,4.4,0.97,73.6
COMP0116,Company 0116,Finance,Enterprise,75693,2023-06-23,Q2,2023,Live,71,0,85,0.5,2,3,5,13.5,4.8,0.92,73.9
COMP0117,Company 0117,Finance,Enterprise,78974,2023-06-23,Q2,2023,Live,99,10000,35,0.88,2,5,38,37.4,3.9,0.84,88.5
COMP0118,Company 0118,Retail,Enterprise,22131,2023-06-25,Q2,2023,Live,60,20000,29,0.93,2,8,45,46.9,3.5,0.98,79.5
COMP0119,Company 0119,Manufacturing,Medium,32045,2023-06-27,Q2,2023,Stable,86,20000,25,0.87,0,8,48,40.0,4.7,0.99,90.5
COMP0120,Company 0120,Manufacturing,Medium,95396,2023-06-27,Q2,2023,Live,70,5000,33,0.48,5,3,31,34.6,4.7,0.96,73.4
COMP0121,Company 0121,Retail,Medium,13939,2023-06-27,Q2,2023,Stable,61,5000,23,0.88,2,4,7,19.0,3.6,0.87,76.5
COMP0122,Company 0122,Finance,Medium,57102,2023-06-28,Q2,2023,Implementation,93,0,98,0.56,5,1,20,30.2,4.9,0.99,84.1
COMP0123,Company 0123,Retail,Small,51047,2023-06-28,Q2,2023,At Risk,62,15000,15,0.44,0,2,11,21.3,4.3,0.85,66.0
COMP0124,Company 0124,Retail,Enterprise,27613,2023-07-01,Q3,2023,Implementation,77,0,27,0.74,4,4,13,20.9,4.6,0.95,82.7
COMP0125,Company 0125,Finance,Enterprise,66059,2023-07-03,Q3,2023,Implementation,70,15000,49,0.9,3,8,17,20.7,4.4,0.89,83.4
COMP0126,Company 0126,Technology,Medium,91367,2023-07-06,Q3,2023,Implementation,62,5000,50,0.53,4,7,29,3.3,4.4,0.96,71.3
COMP0127,Company 0127,Technology,Enterprise,94557,2023-07-07,Q3,2023,Stable,92,5000,70,0.86,2,10,30,20.5,3.6,0.83,84.4
COMP0128,Company 0128,Retail,Enterprise,92555,2023-07-08,Q3,2023,At Risk,93,20000,14,0.4,5,8,37,17.9,4.1,0.92,74.7
COMP0129,Company 0129,Healthcare,Small,64861,2023-07-09,Q3,2023,Live,84,15000,59,0.52,2,9,13,40.5,4.9,0.86,77.6
COMP0130,Company 0130,Manufacturing,Small,59394,2023-07-10,Q3,2023,Implementation,63,10000,23,0.87,4,3,12,38.2,4.9,0.92,83.0
COMP0131,Company 0131,Manufacturing,Medium,80960,2023-07-11,Q3,2023,At Risk,100,0,85,0.71,0,1,13,30.8,4.4,1.0,88.9
COMP0132,Company 0132,Technology,Medium,42097,2023-07-13,Q3,2023,Implementation,86,20000,23,0.71,2,3,11,29.8,3.7,0.97,81.3
COMP0133,Company 0133,Finance,Medium,39492,2023-07-16,Q3,2023,Stable,63,10000,88,0.86,3,7,33,36.6,4.6,0.88,80.7
COMP0134,Company 0134,Retail,Small,79703,2023-07-17,Q3,2023,Stable,97,5000,54,0.58,3,10,22,1.8,3.8,0.92,80.1
COMP0135,Company 0135,Manufacturing,Small,59819,2023-07-19,Q3,2023,At Risk,68,15000,21,0.67,4,9,34,29.9,4.3,0.83,74.3
COMP0136,Company 0136,Retail,Enterprise,88523,2023-07-22,Q3,2023,Stable,78,20000,84,0.45,4,2,31,3.3,4.6,1.0,75.3
COMP0137,Company 0137,Retail,Small,93613,2023-07-24,Q3,2023,Stable,97,15000,33,0.7,0,4,22,32.6,3.9,0.99,85.5
COMP0138,Company 0138,Healthcare,Medium,81909,2023-07-26,Q3,2023,Stable,88,15000,55,0.42,4,1,44,32.2,4.8,0.92,76.6
COMP0139,Company 0139,Healthcare,Medium,41605,2023-07-29,Q3,2023,Implementation,61,20000,90,0.64,3,5,9,16.7,5.0,0.85,74.5
COMP0140,Company 0140,Finance,Enterprise,76993,2023-07-30,Q3,2023,Live,73,0,17,0.5,3,2,42,24.8,3.7,0.84,68.5
COMP0141,Company 0141,Retail,Enterprise,50196,2023-08-01,Q3,2023,Live,93,0,7,0.47,0,6,39,33.8,4.1,0.87,75.8
COMP0142,Company 0142,Finance,Enterprise,24545,2023-08-04,Q3,2023,Live,86,15000,71,0.81,3,0,12,4.9,4.7,0.96,88.1
COMP0143,Company 0143,Finance,Small,32413,2023-08-06,Q3,2023,At Risk,80,10000,77,0.4,1,0,24,6.5,3.6,0.87,67.8
COMP0144,Company 0144,Manufacturing,Enterprise,32651,2023-08-09,Q3,2023,At Risk,88,0,74,0.7,2,8,8,2.4,4.2,0.82,80.6
COMP0145,Company 0145,Healthcare,Enterprise,70425,2023-08-09,Q3,2023,Stable,89,0,63,0.44,5,8,8,7.9,4.7,0.87,76.1
COMP0146,Company 0146,Manufacturing,Small,23240,2023-08-09,Q3,2023,Stable,92,5000,81,0.48,2,7,38,31.9,3.8,0.91,75.4
COMP0147,Company 0147,Technology,Enterprise,26555,2023-08-11,Q3,2023,Implementation,80,0,53,0.76,2,1,10,27.8,4.5,0.91,83.0
COMP0148,Company 0148,Manufacturing,Medium,16036,2023-08-11,Q3,2023,Stable,90,15000,45,0.83,4,1,7,43.4,5.0,0.88,89.5
COMP0149,Company 0149,Healthcare,Medium,40143,2023-08-14,Q3,2023,At Risk,92,20000,98,0.75,4,2,29,20.6,3.7,0.96,84.1
COMP0150,Company 0150,Finance,Medium,76784,2023-08-17,Q3,2023,Implementation,71,5000,97,0.5,5,4,41,27.8,4.9,0.94,74.7
COMP0151,Company 0151,Finance,Small,10802,2023-08-17,Q3,2023,Implementation,89,0,5,0.84,3,4,18,43.0,4.3,0.81,85.3
COMP0152,Company 0152,Finance,Enterprise,38828,2023-08-19,Q3,2023,At Risk,66,15000,99,0.75,2,1,47,29.8,4.5,0.93,78.9
COMP0153,Company 0153,Manufacturing,Small,62856,2023-08-20,Q3,2023,Live,89,5000,89,0.45,0,8,43,21.2,4.1,0.89,74.4
COMP0154,Company 0154,Finance,Small,19524,2023-08-23,Q3,2023,Implementation,73,20000,81,0.92,4,1,39,42.3,4.0,0.97,84.9
COMP0155,Company 0155,Finance,Small,64544,2023-08-24,Q3,2023,At Risk,66,15000,64,0.74,4,9,35,46.7,4.7,0.86,78.0
COMP0156,Company 0156,Healthcare,Small,45921,2023-08-25,Q3,2023,At Risk,68,20000,77,0.67,5,5,18,11.8,4.7,0.95,78.3
COMP0157,Company 0157,Retail,Medium,73944,2023-08-28,Q3,2023,Stable,100,20000,95,0.71,3,4,32,33.5,4.3,0.85,85.5
COMP0158,Company 0158,Finance,Medium,74107,2023-08-28,Q3,2023,Implementation,83,15000,31,0.75,4,4,9,20.0,3.8,0.87,80.0
COMP0159,Company 0159,Manufacturing,Medium,99243,2023-08-28,Q3,2023,Live,71,15000,23,0.56,3,0,22,31.4,3.9,0.86,70.9
COMP0160,Company 0160,Manufacturing,Medium,14141,2023-08-29,Q3,2023,Live,92,5000,83,0.46,1,8,27,5.8,4.5,0.99,79.2
COMP0161,Company 0161,Manufacturing,Medium,56873,2023-08-30,Q3,2023,At Risk,61,5000,93,0.62,2,0,45,6.2,4.7,0.91,73.9
COMP0162,Company 0162,Healthcare,Medium,41465,2023-09-02,Q3,2023,Stable,93,5000,79,0.73,2,8,50,39.8,4.5,0.87,85.2
COMP0163,Company 0163,Manufacturing,Medium,99409,2023-09-04,Q3,2023,Implementation,80,5000,80,0.87,3,3,43,28.6,3.9,0.95,84.7
COMP0164,Company 0164,Manufacturing,Enterprise,42196,2023-09-05,Q3,2023,Stable,65,20000,15,0.64,3,10,29,3.2,3.7,0.86,70.7
COMP0165,Company 0165,Finance,Medium,20213,2023-09-07,Q3,2023,Stable,67,0,59,0.51,4,2,40,28.9,3.5,0.89,67.2
COMP0166,Company 0166,Healthcare,Medium,16767,2023-09-08,Q3,2023,Implementation,97,5000,15,0.77,4,10,40,15.4,4.1,0.84,85.4
COMP0167,Company 0167,Finance,Enterprise,81124,2023-09-10,Q3,2023,At Risk,97,5000,56,0.75,2,3,10,25.7,3.7,0.97,85.8
COMP0168,Company 0168,Retail,Medium,93287,2023-09-13,Q3,2023,Stable,83,20000,42,0.5,0,3,48,43.7,4.6,0.87,75.7
COMP0169,Company 0169,Retail,Small,23062,2023-09-14,Q3,2023,Stable,86,15000,94,0.56,4,3,14,6.7,4.8,0.84,78.6
COMP0170,Company 0170,Retail,Medium,72589,2023-09-17,Q3,2023,Implementation,69,5000,83,0.81,0,9,23,10.6,4.7,0.97,83.2
COMP0171,Company 0171,Healthcare,Enterprise,88885,2023-09-18,Q3,2023,Stable,87,15000,69,0.9,4,5,45,47.7,4.1,0.97,88.9
COMP0172,Company 0172,Healthcare,Medium,59787,2023-09-20,Q3,2023,At Risk,84,5000,63,0.54,5,8,11,44.7,4.0,0.93,76.0
COMP0173,Company 0173,Healthcare,Small,89730,2023-09-23,Q3,2023,Live,67,10000,79,0.49,2,10,14,10.6,4.8,0.91,72.2
COMP0174,Company 0174,Finance,Medium,27883,2023-09-25,Q3,2023,Live,86,10000,21,0.65,3,6,44,47.8,4.3,0.9,80.5
COMP0175,Company 0175,Manufacturing,Medium,12759,2023-09-26,Q3,2023,Live,61,20000,91,0.67,4,10,50,43.8,4.8,0.9,75.6
COMP0176,Company 0176,Healthcare,Enterprise,23431,2023-09-29,Q3,2023,At Risk,95,10000,27,0.58,2,7,46,33.3,3.6,0.94,79.1
COMP0177,Company 0177,Healthcare,Medium,42962,2023-09-30,Q3,2023,Implementation,70,15000,70,0.64,2,0,23,14.3,4.1,0.91,74.8
COMP0178,Company 0178,Technology,Small,46596,2023-10-01,Q4,2023,At Risk,81,5000,64,0.94,2,9,10,15.4,3.6,0.81,83.1
COMP0179,Company 0179,Manufacturing,Medium,90160,2023-10-02,Q4,2023,At Risk,72,0,52,0.88,0,7,20,46.1,4.3,0.91,83.4
COMP0180,Company 0180,Technology,Medium,34073,2023-10-02,Q4,2023,At Risk,85,5000,77,0.54,0,5,13,46.8,4.6,0.96,79.3
COMP0181,Company 0181,Manufacturing,Medium,68583,2023-10-04,Q4,2023,Stable,68,5000,86,0.46,1,4,7,10.8,3.5,0.92,66.6
COMP0182,Company 0182,Healthcare,Small,82592,2023-10-05,Q4,2023,Implementation,70,10000,9,0.54,4,9,46,46.3,3.6,0.95,70.6
COMP0183,Company 0183,Healthcare,Small,81454,2023-10-05,Q4,2023,At Risk,97,0,88,0.65,0,0,45,15.5,3.7,0.8,79.4
COMP0184,Company 0184,Retail,Medium,80917,2023-10-06,Q4,2023,At Risk,100,5000,53,0.67,0,2,11,28.2,3.5,0.87,81.5
COMP0185,Company 0185,Manufacturing,Medium,42247,2023-10-07,Q4,2023,Live,75,0,53,0.71,1,4,8,37.8,4.2,0.94,79.4
COMP0186,Company 0186,Finance,Enterprise,30319,2023-10-08,Q4,2023,Live,61,10000,62,0.76,0,9,15,27.6,4.6,0.95,78.5
COMP0187,Company 0187,Manufacturing,Enterprise,15770,2023-10-08,Q4,2023,Stable,83,15000,62,0.86,3,3,32,11.6,4.9,0.89,88.1
COMP0188,Company 0188,Finance,Enterprise,33300,2023-10-09,Q4,2023,At Risk,89,20000,51,0.94,2,1,38,43.0,4.1,0.94,90.1
COMP0189,Company 0189,Finance,Enterprise,55169,2023-10-12,Q4,2023,Implementation,69,15000,35,0.74,3,9,12,14.5,4.6,0.97,80.7
COMP0190,Company 0190,Manufacturing,Small,77099,2023-10-13,Q4,2023,Stable,90,5000,40,0.9,3,4,7,47.8,4.2,1.0,90.8
COMP0191,Company 0191,Healthcare,Small,12730,2023-10-13,Q4,2023,Implementation,98,20000,31,0.67,0,5,12,38.9,4.9,0.89,86.9
COMP0192,Company 0192,Finance,Medium,99174,2023-10-16,Q4,2023,Stable,95,5000,15,0.58,3,8,38,16.7,4.8,0.81,81.3
COMP0193,Company 0193,Finance,Enterprise,32688,2023-10-16,Q4,2023,Live,70,20000,73,0.74,3,2,27,16.5,4.4,0.85,77.8
COMP0194,Company 0194,Healthcare,Enterprise,61073,2023-10-16,Q4,2023,At Risk,60,0,65,0.57,0,4,21,44.7,3.6,0.86,66.7
COMP0195,Company 0195,Manufacturing,Small,73618,2023-10-19,Q4,2023,Stable,86,15000,53,0.46,1,6,20,17.8,3.7,0.99,74.2
COMP0196,Company 0196,Healthcare,Small,83257,2023-10-19,Q4,2023,Stable,100,0,39,0.42,3,10,6,8.1,4.4,0.87,77.6
COMP0197,Company 0197,Retail,Enterprise,67080,2023-10-22,Q4,2023,Implementation,77,0,86,0.92,2,10,46,6.0,4.5,0.89,86.5
COMP0198,Company 0198,Retail,Medium,84706,2023-10-23,Q4,2023,Implementation,81,5000,31,0.69,0,10,21,45.7,4.3,1.0,82.2
COMP0199,Company 0199,Finance,Small,41284,2023-10-23,Q4,2023,At Risk,68,0,82,0.48,1,7,28,4.3,4.0,0.85,67.8
COMP0200,Company 0200,Retail,Small,48031,2023-10-24,Q4,2023,Live,71,10000,55,0.79,5,5,50,5.7,4.6,0.9,81.4
COMP0201,Company 0201,Retail,Medium,23009,2023-10-24,Q4,2023,Implementation,95,15000,86,0.5,3,1,12,8.8,4.4,0.82,77.5
COMP0202,Company 0202,Retail,Enterprise,48017,2023-10-27,Q4,2023,At Risk,97,5000,7,0.92,3,10,15,14.9,4.1,0.97,92.5
COMP0203,Company 0203,Healthcare,Small,19133,2023-10-27,Q4,2023,At Risk,98,10000,88,0.94,4,10,16,38.8,4.6,0.93,94.6
COMP0204,Company 0204,Manufacturing,Small,40090,2023-10-27,Q4,2023,At Risk,76,0,80,0.9,4,6,14,12.3,4.3,0.84,83.8
COMP0205,Company 0205,Manufacturing,Small,25585,2023-10-30,Q4,2023,At Risk,64,5000,84,0.85,4,10,20,2.2,3.9,0.83,76.9
COMP0206,Company 0206,Retail,Enterprise,76143,2023-11-01,Q4,2023,At Risk,78,5000,19,0.64,0,7,50,22.1,3.6,0.96,76.2
COMP0207,Company 0207,Retail,Medium,94777,2023-11-02,Q4,2023,Stable,63,20000,85,0.83,1,5,12,28.2,3.8,0.86,76.2
COMP0208,Company 0208,Technology,Enterprise,24767,2023-11-04,Q4,2023,Live,74,10000,34,0.42,4,5,18,40.3,4.8,1.0,74.0
COMP0209,Company 0209,Manufacturing,Medium,19440,2023-11-05,Q4,2023,Stable,87,15000,65,0.9,4,3,23,24.3,4.9,0.86,89.9
COMP0210,Company 0210,Retail,Enterprise,92582,2023-11-07,Q4,2023,Implementation,84,20000,20,0.94,2,2,40,29.9,4.5,0.82,87.8
COMP0211,Company 0211,Manufacturing,Medium,93603,2023-11-09,Q4,2023,Implementation,90,15000,13,0.54,3,1,47,11.7,3.9,0.92,77.2
COMP0212,Company 0212,Finance,Medium,43245,2023-11-10,Q4,2023,Implementation,81,10000,89,0.56,2,6,28,11.1,4.6,0.99,79.3
COMP0213,Company 0213,Manufacturing,Enterprise,21919,2023-11-11,Q4,2023,At Risk,68,15000,9,0.73,3,5,29,29.5,3.6,0.83,73.3
COMP0214,Company 0214,Finance,Medium,83649,2023-11-13,Q4,2023,At Risk,60,0,80,0.42,1,10,7,5.1,3.5,0.95,63.6
COMP0215,Company 0215,Healthcare,Enterprise,13092,2023-11-16,Q4,2023,Live,95,15000,80,0.77,5,7,5,32.8,3.6,0.96,85.2
COMP0216,Company 0216,Technology,Enterprise,25122,2023-11-17,Q4,2023,At Risk,63,0,50,0.92,1,5,31,43.0,4.0,0.97,81.9
COMP0217,Company 0217,Finance,Small,97383,2023-11-17,Q4,2023,At Risk,73,0,19,0.42,1,7,41,36.0,4.7,0.85,70.3
COMP0218,Company 0218,Technology,Small,26927,2023-11-19,Q4,2023,Live,83,5000,58,0.73,0,3,36,43.2,4.5,0.83,81.4
COMP0219,Company 0219,Healthcare,Medium,97036,2023-11-20,Q4,2023,Live,71,0,72,0.61,3,3,10,28.5,3.6,0.97,73.4
COMP0220,Company 0220,Retail,Small,27328,2023-11-22,Q4,2023,Implementation,70,20000,71,0.5,1,10,16,33.6,4.4,0.88,71.2
COMP0221,Company 0221,Healthcare,Small,92769,2023-11-22,Q4,2023,At Risk,84,5000,36,0.83,5,2,42,7.9,4.4,0.94,86.5
COMP0222,Company 0222,Healthcare,Small,58049,2023-11-24,Q4,2023,Implementation,68,0,81,0.92,4,0,24,9.0,3.8,0.97,82.6
COMP0223,Company 0223,Finance,Small,63798,2023-11-27,Q4,2023,Implementation,94,20000,7,0.5,2,2,50,10.8,4.7,0.96,81.2
COMP0224,Company 0224,Healthcare,Medium,40080,2023-11-29,Q4,2023,At Risk,68,20000,66,0.76,1,10,24,15.4,3.5,0.93,75.8
COMP0225,Company 0225,Finance,Enterprise,31210,2023-11-30,Q4,2023,At Risk,77,5000,36,0.81,1,1,15,19.9,4.7,0.9,84.2
COMP0226,Company 0226,Retail,Medium,32728,2023-11-30,Q4,2023,Implementation,96,5000,34,0.93,4,5,34,35.9,4.1,0.84,89.9
COMP0227,Company 0227,Retail,Enterprise,56856,2023-12-02,Q4,2023,Implementation,78,15000,47,0.87,5,10,28,27.6,3.6,0.93,82.5
COMP0228,Company 0228,Retail,Medium,76756,2023-12-02,Q4,2023,Stable,83,10000,14,0.75,4,3,47,36.3,3.5,0.95,80.4
COMP0229,Company 0229,Manufacturing,Small,38802,2023-12-03,Q4,2023,Implementation,81,20000,75,0.58,3,8,12,36.0,4.1,0.81,74.3
COMP0230,Company 0230,Manufacturing,Enterprise,42739,2023-12-04,Q4,2023,At Risk,93,0,39,0.64,4,7,40,39.8,3.9,0.89,80.5
COMP0231,Company 0231,Retail,Small,33117,2023-12-07,Q4,2023,Implementation,66,5000,29,0.69,1,10,13,18.0,4.6,0.86,76.1
COMP0232,Company 0232,Finance,Small,22942,2023-12-10,Q4,2023,Live,72,0,22,0.61,5,1,31,33.8,3.8,0.99,74.9
COMP0233,Company 0233,Finance,Medium,31560,2023-12-11,Q4,2023,Live,98,10000,15,0.79,1,2,18,17.6,4.0,1.0,89.1
COMP0234,Company 0234,Healthcare,Small,30960,2023-12-12,Q4,2023,Implementation,92,15000,17,0.9,4,10,50,39.0,3.5,0.86,85.8
COMP0235,Company 0235,Finance,Medium,50169,2023-12-13,Q4,2023,Live,67,0,74,0.84,0,4,43,1.6,4.1,0.93,80.3
COMP0236,Company 0236,Retail,Small,92039,2023-12-16,Q4,2023,Live,81,0,48,0.84,5,4,35,11.4,4.1,0.82,82.3
COMP0237,Company 0237,Healthcare,Small,83573,2023-12-17,Q4,2023,Live,60,10000,29,0.81,1,3,8,14.3,4.6,0.91,78.9
COMP0238,Company 0238,Finance,Medium,25473,2023-12-19,Q4,2023,At Risk,63,20000,37,0.44,0,7,39,13.2,3.9,0.9,65.7
COMP0239,Company 0239,Technology,Small,91072,2023-12-19,Q4,2023,Stable,91,10000,10,0.83,3,5,47,44.8,3.8,0.83,84.0
COMP0240,Company 0240,Manufacturing,Enterprise,57978,2023-12-19,Q4,2023,At Risk,89,5000,62,0.75,4,8,17,22.9,5.0,0.93,87.8
COMP0241,Company 0241,Finance,Enterprise,41297,2023-12-19,Q4,2023,At Risk,97,20000,16,0.78,2,3,37,46.9,3.7,0.86,84.5
COMP0242,Company 0242,Healthcare,Enterprise,77779,2023-12-19,Q4,2023,Implementation,62,10000,55,0.94,4,8,6,32.0,4.5,0.88,82.4
COMP0243,Company 0243,Retail,Small,13691,2023-12-19,Q4,2023,Implementation,67,0,8,0.52,4,8,22,39.3,4.6,0.84,70.9
COMP0244,Company 0244,Retail,Enterprise,99171,2023-12-22,Q4,2023,Implementation,67,15000,73,0.51,3,5,45,20.0,3.9,0.97,70.4
COMP0245,Company 0245,Retail,Medium,41518,2023-12-22,Q4,2023,Implementation,66,0,20,0.89,3,0,38,23.5,4.7,0.96,84.5
COMP0246,Company 0246,Manufacturing,Small,82810,2023-12-22,Q4,2023,Implementation,89,0,59,0.52,5,4,38,24.1,3.9,0.86,75.1
COMP0247,Company 0247,Healthcare,Medium,69619,2023-12-22,Q4,2023,Live,70,10000,31,0.8,0,5,11,5.5,4.1,0.85,78.4
COMP0248,Company 0248,Retail,Enterprise,33980,2023-12-25,Q4,2023,At Risk,64,5000,46,0.48,0,2,20,32.7,4.2,0.83,67.0
COMP0249,Company 0249,Finance,Small,36287,2023-12-28,Q4,2023,Stable,84,5000,99,0.7,3,6,39,8.9,4.2,0.81,79.2
COMP0250,Company 0250,Technology,Enterprise,80650,2023-12-31,Q4,2023,At Risk,83,10000,90,0.59,2,2,39,35.4,4.6,0.94,79.8
COMP0251,Company 0251,Finance,Enterprise,23814,2023-12-31,Q4,2023,Implementation,67,10000,90,0.49,4,1,30,5.0,3.7,0.95,68.6
COMP0252,Company 0252,Manufacturing,Enterprise,33953,2024-01-03,Q1,2024,Live,70,0,42,0.83,0,0,36,13.9,4.0,0.92,80.3
COMP0253,Company 0253,Healthcare,Small,38932,2024-01-06,Q1,2024,Live,94,20000,45,0.64,0,9,49,7.0,4.0,0.9,81.4
COMP0254,Company 0254,Manufacturing,Small,89092,2024-01-06,Q1,2024,Live,70,0,60,0.57,1,7,37,29.3,5.0,0.94,76.9
COMP0255,Company 0255,Healthcare,Medium,46755,2024-01-06,Q1,2024,Implementation,60,5000,30,0.68,4,2,44,36.1,3.6,0.85,69.8
COMP0256,Company 0256,Finance,Medium,46259,2024-01-06,Q1,2024,Live,84,0,32,0.58,1,1,50,19.3,4.3,0.84,76.6
COMP0257,Company 0257,Technology,Medium,41911,2024-01-08,Q1,2024,Live,73,5000,24,0.55,5,8,41,39.5,4.6,0.92,75.2
COMP0258,Company 0258,Retail,Enterprise,23777,2024-01-09,Q1,2024,Live,67,10000,44,0.45,1,4,48,3.7,4.9,0.91,71.4
COMP0259,Company 0259,Technology,Enterprise,83098,2024-01-11,Q1,2024,Live,66,10000,9,0.7,1,8,21,44.2,4.9,0.9,78.4
COMP0260,Company 0260,Manufacturing,Enterprise,48856,2024-01-14,Q1,2024,Stable,90,5000,33,0.75,5,3,27,15.4,3.9,0.88,82.7
COMP0261,Company 0261,Healthcare,Small,31511,2024-01-15,Q1,2024,Live,70,5000,9,0.93,1,1,24,13.0,3.7,0.97,83.1
COMP0262,Company 0262,Finance,Enterprise,32749,2024-01-18,Q1,2024,Implementation,63,10000,88,0.52,0,6,8,15.5,3.6,0.84,65.7
COMP0263,Company 0263,Manufacturing,Medium,78172,2024-01-21,Q1,2024,Stable,65,0,37,0.61,0,1,35,18.1,3.7,0.81,68.8
COMP0264,Company 0264,Finance,Small,76866,2024-01-21,Q1,2024,Live,87,15000,86,0.7,3,1,23,35.2,4.6,0.91,83.7
COMP0265,Company 0265,Technology,Medium,19096,2024-01-23,Q1,2024,Implementation,63,10000,92,0.45,2,6,19,36.7,4.5,0.95,69.4
COMP0266,Company 0266,Healthcare,Small,54293,2024-01-23,Q1,2024,Live,88,15000,59,0.76,5,10,17,9.3,3.7,0.9,82.0
COMP0267,Company 0267,Manufacturing,Enterprise,54351,2024-01-25,Q1,2024,Stable,91,20000,83,0.43,4,10,21,17.0,3.7,0.9,73.0
COMP0268,Company 0268,Manufacturing,Small,67402,2024-01-28,Q1,2024,Live,87,10000,17,0.63,5,0,35,12.8,4.0,0.8,77.0
COMP0269,Company 0269,Manufacturing,Enterprise,95763,2024-01-28,Q1,2024,Implementation,82,0,47,0.58,0,9,45,25.7,4.6,0.81,76.6
COMP0270,Company 0270,Healthcare,Small,56263,2024-01-29,Q1,2024,Stable,87,10000,97,0.58,0,0,40,39.8,4.8,0.87,80.1
COMP0271,Company 0271,Manufacturing,Enterprise,41568,2024-01-29,Q1,2024,Stable,67,0,47,0.87,2,4,21,11.2,4.1,0.85,79.6
COMP0272,Company 0272,Healthcare,Small,25949,2024-01-30,Q1,2024,Live,63,15000,21,0.89,5,10,46,32.0,4.1,0.87,79.4
COMP0273,Company 0273,Manufacturing,Enterprise,39984,2024-01-30,Q1,2024,Live,78,10000,67,0.95,4,9,22,12.9,3.8,0.9,85.1
COMP0274,Company 0274,Healthcare,Small,52714,2024-01-31,Q1,2024,Implementation,91,20000,61,0.53,4,0,30,23.2,5.0,0.85,80.2
COMP0275,Company 0275,Finance,Medium,74126,2024-02-02,Q1,2024,Implementation,69,15000,81,0.66,5,0,37,4.8,3.7,0.89,73.1
COMP0276,Company 0276,Manufacturing,Medium,45062,2024-02-02,Q1,2024,Implementation,91,15000,18,0.91,0,10,16,24.8,4.5,0.96,91.8
COMP0277,Company 0277,Retail,Medium,41620,2024-02-04,Q1,2024,At Risk,81,5000,29,0.82,1,7,46,26.6,4.7,0.99,87.5
COMP0278,Company 0278,Retail,Small,40300,2024-02-07,Q1,2024,Live,90,0,68,0.52,0,7,18,27.8,4.1,0.91,77.2
COMP0279,Company 0279,Finance,Enterprise,84412,2024-02-09,Q1,2024,Stable,69,0,70,0.54,1,0,48,43.0,4.7,0.95,74.7
COMP0280,Company 0280,Retail,Enterprise,59496,2024-02-11,Q1,2024,Implementation,72,20000,34,0.77,4,2,45,45.9,4.2,0.85,78.5
COMP0281,Company 0281,Technology,Small,48345,2024-02-13,Q1,2024,Implementation,64,15000,80,0.67,2,9,41,31.0,4.9,0.83,75.5
COMP0282,Company 0282,Manufacturing,Medium,75137,2024-02-13,Q1,2024,At Risk,84,0,70,0.67,3,4,9,5.9,3.9,0.92,79.3
COMP0283,Company 0283,Manufacturing,Enterprise,90918,2024-02-14,Q1,2024,Implementation,91,20000,26,0.86,4,6,38,9.7,4.8,0.95,91.3
COMP0284,Company 0284,Technology,Medium,57450,2024-02-17,Q1,2024,Stable,81,10000,66,0.45,1,3,47,8.0,4.4,0.98,75.0
COMP0285,Company 0285,Healthcare,Medium,38467,2024-02-19,Q1,2024,Live,90,20000,14,0.48,5,7,19,1.2,4.1,0.83,74.4
COMP0286,Company 0286,Manufacturing,Medium,18434,2024-02-19,Q1,2024,Live,100,15000,70,0.6,0,9,30,6.4,5.0,0.95,87.0
COMP0287,Company 0287,Retail,Medium,60890,2024-02-21,Q1,2024,Stable,69,0,48,0.7,3,1,44,40.2,3.9,0.84,74.1
COMP0288,Company 0288,Retail,Medium,93151,2024-02-21,Q1,2024,At Risk,68,0,28,0.75,0,6,13,41.0,4.9,0.85,79.5
COMP0289,Company 0289,Finance,Small,31096,2024-02-24,Q1,2024,Live,93,10000,14,0.77,2,3,22,13.3,4.7,0.96,89.0
COMP0290,Company 0290,Manufacturing,Small,69825,2024-02-25,Q1,2024,Live,76,20000,6,0.79,5,2,13,25.0,4.0,0.81,78.7
COMP0291,Company 0291,Technology,Medium,23352,2024-02-25,Q1,2024,At Risk,85,0,57,0.76,0,9,40,19.2,3.6,0.95,81.7
COMP0292,Company 0292,Finance,Medium,95196,2024-02-28,Q1,2024,Implementation,66,0,15,0.9,5,1,22,10.6,4.5,0.88,82.4
COMP0293,Company 0293,Retail,Small,52807,2024-02-29,Q1,2024,Live,100,5000,67,0.78,2,3,38,39.5,3.5,0.99,87.2
COMP0294,Company 0294,Manufacturing,Enterprise,46052,2024-03-01,Q1,2024,Implementation,86,0,60,0.85,1,4,31,15.7,4.1,1.0,87.7
COMP0295,Company 0295,Healthcare,Medium,81516,2024-03-03,Q1,2024,Live,97,15000,8,0.48,5,5,34,16.9,3.5,0.96,76.7
COMP0296,Company 0296,Finance,Enterprise,23149,2024-03-04,Q1,2024,Implementation,73,20000,91,0.69,3,9,8,11.7,4.1,0.96,78.2
COMP0297,Company 0297,Technology,Small,56652,2024-03-05,Q1,2024,Live,90,5000,60,0.83,1,1,16,7.2,4.6,0.8,86.3
COMP0298,Company 0298,Technology,Medium,74435,2024-03-05,Q1,2024,Live,97,10000,56,0.76,2,3,49,4.0,3.5,0.94,84.7
COMP0299,Company 0299,Retail,Small,41689,2024-03-05,Q1,2024,Live,99,20000,33,0.79,3,10,38,26.3,4.6,0.92,90.2
COMP0300,Company 0300,Finance,Small,66719,2024-03-06,Q1,2024,Implementation,85,15000,30,0.46,1,10,40,25.0,3.5,0.95,72.3
COMP0301,Company 0301,Retail,Small,18775,2024-03-07,Q1,2024,Stable,85,0,66,0.59,1,0,9,39.1,3.7,0.83,74.6
COMP0302,Company 0302,Healthcare,Small,69409,2024-03-10,Q1,2024,At Risk,63,10000,42,0.62,2,7,8,8.8,3.9,0.85,70.1
COMP0303,Company 0303,Finance,Enterprise,21345,2024-03-10,Q1,2024,Implementation,78,15000,47,0.65,1,8,10,43.4,3.8,0.93,76.7
COMP0304,Company 0304,Healthcare,Small,77981,2024-03-11,Q1,2024,At Risk,64,10000,25,0.81,3,4,31,6.1,3.7,0.83,74.9
COMP0305,Company 0305,Manufacturing,Medium,28603,2024-03-12,Q1,2024,Implementation,99,5000,13,0.7,2,10,32,43.1,3.7,0.98,85.1
COMP0306,Company 0306,Finance,Enterprise,84382,2024-03-12,Q1,2024,At Risk,64,20000,37,0.7,5,2,14,25.3,4.6,0.88,76.2
COMP0307,Company 0307,Technology,Small,37438,2024-03-14,Q1,2024,Stable,85,0,72,0.65,4,9,7,40.8,3.5,0.89,76.8
COMP0308,Company 0308,Healthcare,Enterprise,39095,2024-03-14,Q1,2024,Live,66,5000,28,0.48,1,0,39,29.8,4.5,0.91,70.4
COMP0309,Company 0309,Healthcare,Enterprise,19650,2024-03-17,Q1,2024,Live,74,5000,7,0.77,0,6,30,4.9,4.9,0.82,81.3
COMP0310,Company 0310,Finance,Medium,90469,2024-03-18,Q1,2024,Live,96,5000,43,0.92,3,3,33,32.1,4.8,0.81,91.8
COMP0311,Company 0311,Technology,Medium,49041,2024-03-21,Q1,2024,Live,70,5000,79,0.67,3,3,39,34.8,5.0,0.9,79.1
COMP0312,Company 0312,Manufacturing,Enterprise,35033,2024-03-24,Q1,2024,Stable,100,10000,26,0.56,0,8,13,14.9,4.4,0.92,82.8
COMP0313,Company 0313,Finance,Enterprise,89237,2024-03-27,Q1,2024,Stable,76,15000,77,0.62,2,9,11,23.9,4.1,0.93,76.4
COMP0314,Company 0314,Finance,Enterprise,41228,2024-03-28,Q1,2024,Stable,79,10000,89,0.67,2,0,18,35.2,4.3,0.98,80.6
COMP0315,Company 0315,Healthcare,Enterprise,47958,2024-03-31,Q1,2024,At Risk,88,20000,81,0.62,1,8,11,43.7,4.0,0.97,80.4
COMP0316,Company 0316,Technology,Enterprise,79186,2024-04-03,Q2,2024,Stable,98,0,73,0.73,2,10,5,35.7,4.7,0.84,86.9
COMP0317,Company 0317,Finance,Small,12671,2024-04-03,Q2,2024,Implementation,74,5000,47,0.51,0,9,29,19.0,3.9,0.8,69.1
COMP0318,Company 0318,Technology,Medium,35238,2024-04-03,Q2,2024,Live,87,10000,27,0.49,0,1,36,4.9,4.8,0.99,79.8
COMP0319,Company 0319,Healthcare,Medium,78944,2024-04-05,Q2,2024,Stable,93,15000,57,0.4,3,4,47,46.9,4.3,0.82,73.5
COMP0320,Company 0320,Healthcare,Enterprise,26469,2024-04-07,Q2,2024,Stable,97,20000,97,0.68,1,4,8,45.5,4.8,0.98,88.3
COMP0321,Company 0321,Healthcare,Enterprise,43095,2024-04-07,Q2,2024,Implementation,77,20000,92,0.84,0,4,42,9.2,4.0,0.8,80.3
COMP0322,Company 0322,Manufacturing,Small,95673,2024-04-08,Q2,2024,Live,86,15000,64,0.65,3,2,8,33.2,5.0,0.9,83.3
COMP0323,Company 0323,Technology,Medium,95198,2024-04-09,Q2,2024,At Risk,98,15000,53,0.86,2,2,16,32.7,3.6,0.97,89.0
COMP0324,Company 0324,Retail,Medium,47684,2024-04-09,Q2,2024,Implementation,69,15000,19,0.69,0,4,44,40.5,4.4,0.96,78.2
COMP0325,Company 0325,Retail,Enterprise,83902,2024-04-10,Q2,2024,Live,92,20000,38,0.51,3,5,18,31.4,3.8,0.85,75.1
COMP0326,Company 0326,Manufacturing,Medium,55805,2024-04-12,Q2,2024,Stable,63,20000,100,0.7,2,5,46,18.6,4.1,0.85,73.3
COMP0327,Company 0327,Healthcare,Medium,98571,2024-04-13,Q2,2024,Live,93,0,91,0.57,5,10,22,6.9,3.7,0.93,78.4
COMP0328,Company 0328,Manufacturing,Medium,36631,2024-04-16,Q2,2024,At Risk,90,0,74,0.68,4,7,14,10.6,4.6,0.98,85.4
COMP0329,Company 0329,Manufacturing,Enterprise,83647,2024-04-16,Q2,2024,Stable,71,10000,40,0.54,5,2,32,2.0,4.3,0.81,70.9
COMP0330,Company 0330,Manufacturing,Small,91592,2024-04-17,Q2,2024,Implementation,98,10000,23,0.67,1,8,43,12.1,4.6,0.8,83.9
COMP0331,Company 0331,Technology,Enterprise,99415,2024-04-17,Q2,2024,Stable,87,15000,80,0.76,0,5,26,14.3,4.3,0.91,84.3
COMP0332,Company 0332,Technology,Medium,26876,2024-04-20,Q2,2024,Live,93,0,42,0.95,4,7,14,2.6,4.1,0.85,89.8
COMP0333,Company 0333,Manufacturing,Small,11620,2024-04-23,Q2,2024,Live,64,20000,5,0.65,1,3,48,19.4,3.5,0.86,69.9
COMP0334,Company 0334,Retail,Small,64498,2024-04-25,Q2,2024,At Risk,95,5000,26,0.94,4,10,34,34.3,4.3,0.87,91.3
COMP0335,Company 0335,Retail,Medium,20608,2024-04-28,Q2,2024,Live,81,20000,78,0.62,2,5,37,4.6,4.5,0.93,79.5
COMP0336,Company 0336,Healthcare,Enterprise,32829,2024-04-30,Q2,2024,Live,90,0,59,0.45,1,2,38,20.8,3.7,0.85,72.3
COMP0337,Company 0337,Manufacturing,Small,40881,2024-04-30,Q2,2024,Implementation,68,20000,16,0.79,2,6,50,32.0,4.9,0.81,79.9
COMP0338,Company 0338,Finance,Enterprise,88934,2024-05-02,Q2,2024,Implementation,75,0,54,0.57,3,8,39,35.6,4.1,0.86,73.2
COMP0339,Company 0339,Technology,Medium,60480,2024-05-02,Q2,2024,Live,66,15000,79,0.68,3,7,28,47.1,4.8,0.84,76.2
COMP0340,Company 0340,Technology,Small,68747,2024-05-03,Q2,2024,Live,78,0,49,0.87,0,1,45,31.0,3.6,0.93,82.5
COMP0341,Company 0341,Healthcare,Enterprise,44288,2024-05-03,Q2,2024,Live,64,0,85,0.41,0,4,33,29.6,3.7,0.96,65.5
COMP0342,Company 0342,Healthcare,Medium,84095,2024-05-03,Q2,2024,Implementation,81,5000,58,0.56,2,9,33,3.8,4.5,0.94,77.9
COMP0343,Company 0343,Retail,Enterprise,72111,2024-05-03,Q2,2024,Live,73,15000,39,0.58,5,3,32,43.1,4.8,0.85,75.5
COMP0344,Company 0344,Finance,Enterprise,39313,2024-05-05,Q2,2024,Live,83,0,29,0.93,3,7,47,4.7,4.7,0.93,90.2
COMP0345,Company 0345,Healthcare,Medium,37539,2024-05-06,Q2,2024,Live,92,10000,18,0.63,4,6,34,22.3,4.9,0.9,84.1
COMP0346,Company 0346,Finance,Small,25788,2024-05-09,Q2,2024,Live,100,20000,44,0.62,0,3,18,38.3,4.8,0.96,87.0
COMP0347,Company 0347,Technology,Medium,42304,2024-05-09,Q2,2024,Live,63,5000,50,0.84,5,1,49,3.9,3.9,0.99,79.5
COMP0348,Company 0348,Manufacturing,Small,26357,2024-05-11,Q2,2024,At Risk,79,0,16,0.53,0,0,34,3.1,4.6,0.95,77.0
COMP0349,Company 0349,Finance,Small,25586,2024-05-13,Q2,2024,Implementation,94,5000,7,0.53,5,7,22,42.9,4.9,0.91,81.9
COMP0350,Company 0350,Finance,Medium,13995,2024-05-15,Q2,2024,At Risk,67,5000,63,0.69,0,0,37,5.9,4.5,0.88,76.4
COMP0351,Company 0351,Retail,Medium,91845,2024-05-16,Q2,2024,Live,68,15000,12,0.67,2,9,46,22.5,3.9,0.94,74.9
COMP0352,Company 0352,Healthcare,Enterprise,30089,2024-05-16,Q2,2024,At Risk,85,15000,30,0.93,3,9,42,22.6,4.5,0.87,88.8
COMP0353,Company 0353,Finance,Small,20893,2024-05-18,Q2,2024,At Risk,84,0,38,0.83,0,1,11,35.2,3.6,0.97,83.9
COMP0354,Company 0354,Healthcare,Medium,36417,2024-05-18,Q2,2024,Stable,98,20000,71,0.82,5,10,24,33.2,3.9,0.84,86.4
COMP0355,Company 0355,Manufacturing,Medium,26017,2024-05-19,Q2,2024,Live,89,5000,22,0.45,0,6,37,37.3,4.6,0.89,76.4
COMP0356,Company 0356,Manufacturing,Small,75952,2024-05-21,Q2,2024,At Risk,67,10000,33,0.66,1,1,27,13.0,3.7,0.98,74.3
COMP0357,Company 0357,Healthcare,Enterprise,13194,2024-05-24,Q2,2024,Live,100,15000,85,0.61,4,4,30,33.5,3.5,0.9,80.3
COMP0358,Company 0358,Technology,Medium,31078,2024-05-24,Q2,2024,Stable,63,5000,7,0.54,4,7,26,25.6,3.6,0.81,65.7
COMP0359,Company 0359,Technology,Enterprise,13452,2024-05-27,Q2,2024,Stable,97,0,65,0.68,1,10,25,39.5,4.8,0.86,85.9
COMP0360,Company 0360,Healthcare,Small,71599,2024-05-29,Q2,2024,At Risk,71,15000,30,0.76,5,7,8,36.2,4.0,0.91,78.3
COMP0361,Company 0361,Manufacturing,Medium,27518,2024-05-30,Q2,2024,Stable,90,20000,90,0.69,0,0,25,20.4,4.3,0.84,81.7
COMP0362,Company 0362,Retail,Small,94431,2024-06-01,Q2,2024,Implementation,66,15000,91,0.68,0,7,41,15.1,4.8,0.97,78.8
COMP0363,Company 0363,Technology,Small,69695,2024-06-04,Q2,2024,Stable,72,20000,84,0.59,4,6,8,35.4,4.9,0.97,78.3
COMP0364,Company 0364,Manufacturing,Small,30399,2024-06-05,Q2,2024,Live,66,15000,51,0.6,4,4,5,3.1,4.7,0.9,74.6
COMP0365,Company 0365,Retail,Enterprise,30018,2024-06-05,Q2,2024,Live,88,15000,86,0.63,2,10,35,45.9,4.9,0.84,81.7
COMP0366,Company 0366,Finance,Enterprise,53660,2024-06-05,Q2,2024,Stable,80,10000,20,0.77,3,6,32,3.9,3.8,0.87,79.7
COMP0367,Company 0367,Healthcare,Enterprise,52265,2024-06-06,Q2,2024,Live,81,0,10,0.69,0,3,14,23.1,4.8,0.95,83.2
COMP0368,Company 0368,Technology,Medium,48661,2024-06-07,Q2,2024,Stable,96,0,40,0.74,5,7,36,17.4,4.5,0.88,86.6
COMP0369,Company 0369,Retail,Medium,46605,2024-06-09,Q2,2024,Live,72,10000,71,0.93,2,7,19,4.5,4.6,0.81,84.1
COMP0370,Company 0370,Technology,Small,41712,2024-06-11,Q2,2024,Implementation,68,5000,92,0.52,2,8,11,39.6,3.9,0.87,69.0
COMP0371,Company 0371,Retail,Medium,56052,2024-06-13,Q2,2024,Live,82,10000,96,0.82,4,6,32,21.2,4.9,0.84,85.6
COMP0372,Company 0372,Manufacturing,Medium,22332,2024-06-13,Q2,2024,Live,77,5000,50,0.52,5,0,23,26.2,4.8,0.95,76.9
COMP0373,Company 0373,Manufacturing,Enterprise,21326,2024-06-16,Q2,2024,At Risk,81,5000,56,0.47,3,8,20,21.9,4.0,0.93,73.0
COMP0374,Company 0374,Technology,Small,48651,2024-06-16,Q2,2024,Implementation,79,10000,25,0.72,4,6,43,9.4,3.7,0.91,78.3
COMP0375,Company 0375,Manufacturing,Medium,24598,2024-06-16,Q2,2024,Implementation,80,20000,86,0.92,4,0,42,39.1,4.2,0.83,85.0
COMP0376,Company 0376,Technology,Small,24802,2024-06-18,Q2,2024,Implementation,99,10000,20,0.49,0,10,49,24.9,4.6,0.81,79.0
COMP0377,Company 0377,Technology,Medium,41168,2024-06-18,Q2,2024,Live,66,5000,12,0.87,3,0,19,6.9,4.7,0.87,82.1
COMP0378,Company 0378,Technology,Small,52043,2024-06-20,Q2,2024,At Risk,83,20000,18,0.55,1,1,42,13.8,4.9,0.92,79.4
COMP0379,Company 0379,Manufacturing,Enterprise,51088,2024-06-20,Q2,2024,Implementation,81,15000,57,0.72,1,6,13,45.9,3.5,0.81,76.1
COMP0380,Company 0380,Healthcare,Small,17443,2024-06-20,Q2,2024,Implementation,74,0,43,0.58,1,2,29,46.4,4.8,0.95,77.8
COMP0381,Company 0381,Manufacturing,Small,55957,2024-06-21,Q2,2024,Stable,63,5000,27,0.92,1,8,34,34.5,3.6,0.87,78.3
COMP0382,Company 0382,Retail,Medium,75467,2024-06-23,Q2,2024,Live,97,10000,60,0.86,0,3,45,12.2,4.3,0.83,88.7
COMP0383,Company 0383,Retail,Small,51820,2024-06-24,Q2,2024,Stable,85,10000,69,0.49,3,0,30,39.7,4.1,0.85,73.6
COMP0384,Company 0384,Retail,Small,21195,2024-06-27,Q2,2024,Implementation,89,15000,67,0.94,0,8,34,42.5,3.8,0.96,89.3
COMP0385,Company 0385,Finance,Medium,33677,2024-06-29,Q2,2024,Implementation,60,20000,55,0.67,1,2,45,1.3,3.8,0.98,72.9
COMP0386,Company 0386,Technology,Medium,40205,2024-06-30,Q2,2024,At Risk,79,0,31,0.67,4,1,37,1.8,3.5,0.91,76.0
COMP0387,Company 0387,Manufacturing,Small,31145,2024-07-03,Q3,2024,Implementation,86,20000,28,0.53,4,7,12,26.6,4.9,0.88,78.9
COMP0388,Company 0388,Manufacturing,Small,81450,2024-07-03,Q3,2024,Live,66,20000,66,0.46,3,10,48,15.5,4.6,0.88,69.6
COMP0389,Company 0389,Retail,Medium,79831,2024-07-03,Q3,2024,Stable,67,10000,24,0.51,5,9,8,31.5,4.7,0.97,73.6
COMP0390,Company 0390,Manufacturing,Enterprise,24359,2024-07-04,Q3,2024,Stable,69,5000,56,0.48,2,0,46,24.1,4.9,0.84,71.5
COMP0391,Company 0391,Finance,Medium,67662,2024-07-04,Q3,2024,Live,67,15000,84,0.51,3,0,11,32.0,3.7,0.81,66.4
COMP0392,Company 0392,Technology,Small,34688,2024-07-07,Q3,2024,Live,88,15000,65,0.64,3,3,7,46.4,4.1,0.83,78.6
COMP0393,Company 0393,Manufacturing,Small,20397,2024-07-09,Q3,2024,Live,96,15000,37,0.58,2,5,24,35.1,3.6,0.98,80.2
COMP0394,Company 0394,Retail,Small,81462,2024-07-09,Q3,2024,Implementation,71,5000,17,0.93,0,4,31,21.8,4.8,0.9,86.4
COMP0395,Company 0395,Finance,Enterprise,53925,2024-07-10,Q3,2024,Stable,87,15000,51,0.72,4,0,17,10.9,4.4,0.96,84.5
COMP0396,Company 0396,Healthcare,Enterprise,88232,2024-07-13,Q3,2024,At Risk,71,15000,15,0.5,0,9,22,34.2,3.9,0.87,69.3
COMP0397,Company 0397,Manufacturing,Enterprise,83946,2024-07-14,Q3,2024,Implementation,88,0,75,0.75,3,8,40,14.1,4.3,0.83,82.7
COMP0398,Company 0398,Manufacturing,Small,17848,2024-07-14,Q3,2024,Implementation,90,15000,16,0.57,1,5,5,18.8,4.3,0.8,77.3
COMP0399,Company 0399,Technology,Enterprise,78843,2024-07-14,Q3,2024,Stable,72,15000,96,0.94,1,3,29,33.8,4.8,0.96,88.2
COMP0400,Company 0400,Manufacturing,Small,40330,2024-07-14,Q3,2024,At Risk,92,0,68,0.86,5,7,18,40.8,4.7,0.99,92.0
COMP0401,Company 0401,Manufacturing,Enterprise,55401,2024-07-15,Q3,2024,Stable,66,0,21,0.79,5,10,32,38.8,4.2,0.82,76.7
COMP0402,Company 0402,Technology,Small,92638,2024-07-18,Q3,2024,Live,78,20000,44,0.4,2,4,48,4.8,3.8,0.99,70.4
COMP0403,Company 0403,Retail,Small,27371,2024-07-20,Q3,2024,Stable,81,10000,14,0.6,3,0,40,8.3,4.3,0.94,78.3
COMP0404,Company 0404,Technology,Small,44944,2024-07-21,Q3,2024,At Risk,83,15000,34,0.58,3,5,33,40.7,3.7,0.9,75.1
COMP0405,Company 0405,Manufacturing,Small,19166,2024-07-21,Q3,2024,Implementation,86,10000,93,0.47,3,1,23,8.3,4.0,0.91,74.1
COMP0406,Company 0406,Technology,Medium,74105,2024-07-21,Q3,2024,Live,68,5000,99,0.58,5,3,42,23.4,3.6,0.88,69.8
COMP0407,Company 0407,Finance,Medium,78094,2024-07-23,Q3,2024,At Risk,78,20000,17,0.73,2,8,12,1.3,4.6,0.98,83.3
COMP0408,Company 0408,Retail,Small,52070,2024-07-23,Q3,2024,At Risk,64,0,8,0.67,4,0,39,6.5,4.3,0.81,72.7
COMP0409,Company 0409,Finance,Medium,55294,2024-07-26,Q3,2024,Stable,65,0,23,0.76,5,1,46,35.4,4.8,0.84,78.3
COMP0410,Company 0410,Healthcare,Small,32660,2024-07-29,Q3,2024,Stable,86,10000,93,0.44,2,4,30,24.5,4.7,0.81,74.0
COMP0411,Company 0411,Finance,Enterprise,86317,2024-08-01,Q3,2024,Implementation,83,15000,12,0.65,3,1,49,45.4,3.5,1.0,78.4
COMP0412,Company 0412,Retail,Enterprise,92374,2024-08-02,Q3,2024,At Risk,73,20000,98,0.78,3,9,13,27.8,3.8,0.93,79.1
COMP0413,Company 0413,Manufacturing,Enterprise,67098,2024-08-02,Q3,2024,Implementation,76,5000,43,0.76,4,9,30,30.0,4.2,0.89,80.2
COMP0414,Company 0414,Finance,Medium,13435,2024-08-02,Q3,2024,Live,61,15000,11,0.51,3,8,49,7.6,4.7,0.83,69.0
COMP0415,Company 0415,Manufacturing,Small,83567,2024-08-02,Q3,2024,Live,62,20000,21,0.94,1,10,23,16.9,4.3,0.97,83.4
COMP0416,Company 0416,Manufacturing,Small,58751,2024-08-03,Q3,2024,Stable,68,20000,58,0.76,1,0,17,40.3,3.6,0.97,77.0
COMP0417,Company 0417,Finance,Enterprise,79429,2024-08-06,Q3,2024,Implementation,90,20000,39,0.94,0,2,31,34.9,4.5,0.96,92.4
COMP0418,Company 0418,Technology,Enterprise,20275,2024-08-08,Q3,2024,Live,60,15000,76,0.77,1,4,42,25.6,4.2,0.98,77.5
COMP0419,Company 0419,Healthcare,Medium,87037,2024-08-10,Q3,2024,At Risk,80,0,56,0.74,2,7,10,46.7,3.6,0.98,80.2
COMP0420,Company 0420,Retail,Small,88703,2024-08-10,Q3,2024,Stable,80,10000,82,0.76,2,0,30,15.6,4.2,0.92,82.0
COMP0421,Company 0421,Finance,Medium,97347,2024-08-10,Q3,2024,At Risk,63,5000,53,0.44,0,4,17,22.8,4.5,0.94,68.9
COMP0422,Company 0422,Retail,Small,75264,2024-08-11,Q3,2024,At Risk,67,15000,81,0.47,1,2,44,1.6,3.5,0.82,64.6
COMP0423,Company 0423,Retail,Enterprise,10322,2024-08-12,Q3,2024,Implementation,78,5000,77,0.8,3,0,36,33.9,4.0,0.98,83.0
COMP0424,Company 0424,Manufacturing,Enterprise,46850,2024-08-14,Q3,2024,Implementation,71,0,50,0.4,3,3,8,40.5,3.7,0.89,65.9
COMP0425,Company 0425,Finance,Medium,51863,2024-08-15,Q3,2024,Implementation,63,20000,22,0.57,2,10,8,21.2,4.7,0.89,72.6
COMP0426,Company 0426,Healthcare,Medium,73626,2024-08-15,Q3,2024,Stable,77,5000,21,0.94,3,9,6,19.9,4.5,0.88,86.9
COMP0427,Company 0427,Retail,Small,46161,2024-08-16,Q3,2024,At Risk,84,15000,27,0.85,4,5,18,20.4,3.7,0.89,83.3
COMP0428,Company 0428,Healthcare,Small,40378,2024-08-18,Q3,2024,Stable,98,5000,24,0.83,1,1,7,38.3,4.1,0.82,87.1
COMP0429,Company 0429,Healthcare,Enterprise,54453,2024-08-20,Q3,2024,At Risk,79,5000,41,0.53,4,8,8,6.6,3.9,0.82,71.6
COMP0430,Company 0430,Healthcare,Enterprise,99639,2024-08-23,Q3,2024,Implementation,73,5000,40,0.49,2,1,42,40.8,4.8,0.88,73.4
COMP0431,Company 0431,Healthcare,Medium,66605,2024-08-25,Q3,2024,Implementation,90,15000,42,0.45,5,1,37,21.3,4.9,0.87,77.5
COMP0432,Company 0432,Technology,Medium,44790,2024-08-27,Q3,2024,Live,90,0,84,0.4,4,4,48,39.4,3.5,0.81,69.2
COMP0433,Company 0433,Finance,Medium,72736,2024-08-29,Q3,2024,Stable,61,10000,45,0.58,3,4,11,9.7,3.9,0.85,68.3
COMP0434,Company 0434,Technology,Enterprise,20339,2024-08-31,Q3,2024,Implementation,73,10000,47,0.85,5,8,22,38.0,4.8,0.94,85.4
COMP0435,Company 0435,Healthcare,Medium,16211,2024-09-03,Q3,2024,Live,68,5000,57,0.71,3,0,17,15.3,4.7,0.84,77.3
COMP0436,Company 0436,Finance,Small,17979,2024-09-06,Q3,2024,Stable,64,15000,90,0.57,5,4,5,20.0,4.8,0.92,73.9
COMP0437,Company 0437,Healthcare,Small,65929,2024-09-08,Q3,2024,Live,79,5000,30,0.59,4,5,7,22.2,4.3,0.85,75.6
COMP0438,Company 0438,Retail,Enterprise,54504,2024-09-10,Q3,2024,At Risk,80,5000,84,0.89,1,9,36,34.8,4.4,0.86,85.5
COMP0439,Company 0439,Retail,Small,78696,2024-09-10,Q3,2024,Stable,79,10000,9,0.59,3,5,50,7.8,4.1,0.91,76.0
COMP0440,Company 0440,Retail,Medium,31160,2024-09-11,Q3,2024,At Risk,73,10000,12,0.66,5,7,7,31.3,4.2,0.91,76.7
COMP0441,Company 0441,Retail,Enterprise,28136,2024-09-11,Q3,2024,At Risk,98,5000,68,0.71,3,3,40,26.7,3.7,0.81,81.7
COMP0442,Company 0442,Healthcare,Small,68008,2024-09-13,Q3,2024,Implementation,89,5000,69,0.72,5,6,14,23.9,4.5,0.84,83.1
COMP0443,Company 0443,Manufacturing,Medium,93401,2024-09-16,Q3,2024,Implementation,86,20000,95,0.46,3,7,6,21.0,4.9,0.97,78.6
COMP0444,Company 0444,Retail,Small,33803,2024-09-19,Q3,2024,Stable,63,10000,43,0.58,5,0,30,35.4,4.2,0.96,72.3
COMP0445,Company 0445,Finance,Enterprise,69519,2024-09-20,Q3,2024,At Risk,82,0,94,0.68,4,0,12,8.8,4.0,0.81,77.2
COMP0446,Company 0446,Healthcare,Enterprise,64532,2024-09-20,Q3,2024,Implementation,62,5000,84,0.51,2,1,9,3.6,4.9,0.83,70.1
COMP0447,Company 0447,Healthcare,Medium,63787,2024-09-22,Q3,2024,Implementation,90,5000,86,0.73,2,5,14,44.0,4.2,0.84,82.5
COMP0448,Company 0448,Technology,Medium,48426,2024-09-25,Q3,2024,Stable,87,20000,64,0.7,4,5,22,20.2,4.0,0.94,81.9
COMP0449,Company 0449,Healthcare,Small,43276,2024-09-25,Q3,2024,At Risk,91,20000,99,0.6,0,9,50,19.3,3.6,0.95,78.7
COMP0450,Company 0450,Technology,Medium,85573,2024-09-25,Q3,2024,Live,64,20000,75,0.85,5,2,19,45.3,4.2,0.99,81.3
COMP0451,Company 0451,Retail,Enterprise,88231,2024-09-26,Q3,2024,At Risk,74,10000,28,0.82,1,2,34,8.8,3.7,0.83,78.2
COMP0452,Company 0452,Healthcare,Medium,55468,2024-09-29,Q3,2024,Stable,100,5000,76,0.41,3,0,36,46.0,3.6,0.98,76.3
COMP0453,Company 0453,Retail,Enterprise,11526,2024-09-30,Q3,2024,Implementation,91,10000,32,0.49,3,2,38,6.4,3.9,0.89,75.4
COMP0454,Company 0454,Healthcare,Medium,74947,2024-10-03,Q4,2024,At Risk,95,20000,20,0.59,1,4,47,23.4,4.3,0.96,82.6
COMP0455,Company 0455,Manufacturing,Medium,72559,2024-10-03,Q4,2024,Live,86,5000,84,0.83,0,5,40,6.8,3.9,0.81,82.5
COMP0456,Company 0456,Finance,Medium,96386,2024-10-03,Q4,2024,Live,63,15000,43,0.5,3,10,49,12.4,3.7,0.98,68.3
COMP0457,Company 0457,Retail,Medium,79410,2024-10-04,Q4,2024,Live,63,15000,34,0.89,0,7,14,42.6,3.7,0.91,78.6
COMP0458,Company 0458,Manufacturing,Medium,97245,2024-10-06,Q4,2024,Stable,86,20000,69,0.52,1,7,30,6.9,4.4,0.98,78.6
COMP0459,Company 0459,Finance,Small,63225,2024-10-06,Q4,2024,Live,63,10000,11,0.87,4,8,25,32.1,4.4,0.8,78.6
COMP0460,Company 0460,Manufacturing,Enterprise,49082,2024-10-07,Q4,2024,Live,61,0,48,0.89,4,4,33,35.4,4.8,0.94,83.0
COMP0461,Company 0461,Retail,Medium,94211,2024-10-07,Q4,2024,Implementation,76,0,42,0.78,3,9,17,12.0,4.1,0.83,79.2
COMP0462,Company 0462,Manufacturing,Medium,91757,2024-10-10,Q4,2024,Implementation,98,5000,81,0.72,0,8,38,34.4,3.5,0.8,81.0
COMP0463,Company 0463,Technology,Small,33848,2024-10-13,Q4,2024,Stable,87,15000,23,0.43,2,2,15,29.7,3.7,0.93,72.4
COMP0464,Company 0464,Manufacturing,Small,91295,2024-10-13,Q4,2024,Live,60,20000,52,0.79,2,10,17,42.5,4.9,0.93,79.9
COMP0465,Company 0465,Retail,Enterprise,28617,2024-10-14,Q4,2024,Stable,67,5000,58,0.75,5,7,47,23.2,3.9,1.0,78.2
COMP0466,Company 0466,Healthcare,Small,58117,2024-10-14,Q4,2024,Implementation,66,0,83,0.66,1,4,10,21.4,3.8,0.97,74.2
COMP0467,Company 0467,Manufacturing,Small,95628,2024-10-16,Q4,2024,Stable,63,10000,58,0.51,2,7,5,25.8,3.9,0.82,66.2
COMP0468,Company 0468,Retail,Enterprise,55027,2024-10-19,Q4,2024,Live,91,5000,53,0.84,2,7,40,24.9,4.5,0.86,87.7
COMP0469,Company 0469,Technology,Medium,88551,2024-10-22,Q4,2024,Stable,70,15000,39,0.49,2,0,35,2.3,3.8,0.88,68.5
COMP0470,Company 0470,Technology,Medium,22885,2024-10-23,Q4,2024,Implementation,93,0,52,0.42,3,5,37,18.6,4.2,0.95,76.3
COMP0471,Company 0471,Manufacturing,Enterprise,47778,2024-10-23,Q4,2024,Live,92,15000,36,0.62,1,6,15,8.1,4.6,0.93,83.2
COMP0472,Company 0472,Finance,Medium,71147,2024-10-23,Q4,2024,Stable,93,15000,8,0.95,5,5,16,17.9,3.8,0.86,88.8
COMP0473,Company 0473,Healthcare,Enterprise,97010,2024-10-26,Q4,2024,Implementation,92,0,42,0.63,3,1,7,5.0,4.6,0.97,84.3
COMP0474,Company 0474,Technology,Medium,60618,2024-10-27,Q4,2024,Live,80,5000,88,0.48,2,3,11,5.0,4.7,0.92,75.6
COMP0475,Company 0475,Manufacturing,Small,82896,2024-10-29,Q4,2024,Live,90,5000,83,0.48,5,8,38,15.9,4.0,0.81,73.6
COMP0476,Company 0476,Healthcare,Medium,58301,2024-10-31,Q4,2024,Implementation,83,20000,20,0.43,4,5,39,5.0,3.9,0.87,70.8
COMP0477,Company 0477,Retail,Medium,33740,2024-11-01,Q4,2024,Live,78,0,49,0.93,1,5,32,6.9,3.5,0.92,83.7
COMP0478,Company 0478,Manufacturing,Medium,99460,2024-11-02,Q4,2024,At Risk,95,15000,76,0.42,3,8,14,30.1,4.7,0.89,77.7
COMP0479,Company 0479,Technology,Small,85415,2024-11-05,Q4,2024,Implementation,88,0,63,0.74,1,1,28,7.6,4.2,0.85,82.4
COMP0480,Company 0480,Healthcare,Medium,40580,2024-11-05,Q4,2024,Stable,97,15000,10,0.91,4,5,37,31.7,3.8,0.83,88.2
COMP0481,Company 0481,Manufacturing,Medium,99010,2024-11-08,Q4,2024,At Risk,73,10000,49,0.52,2,9,46,15.0,4.1,0.96,73.1
COMP0482,Company 0482,Technology,Small,51434,2024-11-09,Q4,2024,Implementation,60,0,95,0.76,4,9,25,35.6,4.9,0.82,76.8
COMP0483,Company 0483,Finance,Small,42143,2024-11-09,Q4,2024,Live,94,10000,20,0.88,1,9,28,28.7,4.1,0.82,87.4
COMP0484,Company 0484,Finance,Small,81995,2024-11-12,Q4,2024,Live,85,0,77,0.78,0,7,10,1.1,4.4,1.0,86.5
COMP0485,Company 0485,Retail,Enterprise,74477,2024-11-14,Q4,2024,Implementation,75,5000,35,0.65,5,4,45,28.2,4.1,0.9,76.4
COMP0486,Company 0486,Healthcare,Enterprise,45798,2024-11-16,Q4,2024,Implementation,89,0,71,0.61,5,8,31,10.2,4.4,0.82,79.0
COMP0487,Company 0487,Finance,Medium,25713,2024-11-17,Q4,2024,Live,78,10000,66,0.65,5,8,48,17.2,4.0,0.82,75.3
COMP0488,Company 0488,Finance,Medium,14799,2024-11-18,Q4,2024,Live,67,10000,93,0.73,0,6,20,22.9,4.5,0.86,77.2
COMP0489,Company 0489,Healthcare,Enterprise,61090,2024-11-20,Q4,2024,At Risk,83,5000,9,0.68,0,0,9,10.6,4.7,0.84,80.9
COMP0490,Company 0490,Manufacturing,Enterprise,83186,2024-11-20,Q4,2024,Stable,94,10000,66,0.84,1,8,6,10.9,3.8,0.82,85.0
COMP0491,Company 0491,Technology,Medium,46302,2024-11-21,Q4,2024,Stable,77,20000,10,0.71,3,3,33,43.7,4.9,0.82,80.4
COMP0492,Company 0492,Manufacturing,Small,41509,2024-11-24,Q4,2024,Implementation,92,0,12,0.82,1,3,18,29.8,3.6,0.87,84.0
COMP0493,Company 0493,Healthcare,Medium,20668,2024-11-27,Q4,2024,Live,71,20000,39,0.46,3,5,33,25.7,3.7,0.98,69.5
COMP0494,Company 0494,Finance,Medium,40643,2024-11-30,Q4,2024,Stable,76,0,40,0.83,5,2,37,25.1,4.3,0.82,81.3
COMP0495,Company 0495,Manufacturing,Enterprise,59308,2024-12-02,Q4,2024,Implementation,72,5000,79,0.77,0,4,42,19.3,3.9,0.88,77.9
COMP0496,Company 0496,Technology,Small,77002,2024-12-03,Q4,2024,Stable,100,5000,16,0.61,1,4,44,4.6,3.6,0.82,79.1
COMP0497,Company 0497,Retail,Small,60126,2024-12-05,Q4,2024,Live,66,0,46,0.63,2,1,15,46.9,4.3,0.95,74.9
COMP0498,Company 0498,Retail,Medium,96056,2024-12-06,Q4,2024,Stable,70,15000,95,0.41,1,4,38,19.3,3.8,1.0,68.5
COMP0499,Company 0499,Retail,Small,90653,2024-12-09,Q4,2024,At Risk,66,15000,62,0.83,4,10,19,8.6,4.6,0.92,81.5
COMP0500,Company 0500,Finance,Medium,73166,2024-12-10,Q4,2024,At Risk,74,5000,64,0.74,5,9,5,45.4,5.0,1.0,84.4
COMP0501,Company 0501,Finance,Small,43304,2024-12-13,Q4,2024,At Risk,74,20000,89,0.77,1,2,46,14.9,4.1,0.87,79.1
COMP0502,Company 0502,Manufacturing,Medium,38577,2024-12-13,Q4,2024,Live,73,0,82,0.89,5,10,36,34.4,5.0,0.85,85.6
COMP0503,Company 0503,Healthcare,Enterprise,42237,2024-12-14,Q4,2024,Stable,67,15000,72,0.66,4,6,36,9.7,3.5,0.98,73.5
COMP0504,Company 0504,Manufacturing,Small,69705,2024-12-16,Q4,2024,Stable,72,20000,81,0.63,3,8,50,29.6,4.8,0.94,78.5
COMP0505,Company 0505,Technology,Enterprise,24884,2024-12-18,Q4,2024,Implementation,78,20000,46,0.76,0,2,9,6.9,3.5,0.97,79.6
COMP0506,Company 0506,Finance,Enterprise,26596,2024-12-19,Q4,2024,Implementation,83,0,50,0.59,4,4,36,18.6,4.9,0.85,79.2
COMP0507,Company 0507,Retail,Enterprise,92906,2024-12-21,Q4,2024,Live,87,10000,22,0.89,0,9,44,20.3,4.4,0.87,87.8
COMP0508,Company 0508,Finance,Enterprise,84333,2024-12-21,Q4,2024,At Risk,89,5000,33,0.52,2,6,22,25.4,4.2,0.86,76.3
COMP0509,Company 0509,Manufacturing,Medium,27622,2024-12-22,Q4,2024,At Risk,97,5000,72,0.62,5,1,39,35.1,4.9,1.0,87.3
COMP0510,Company 0510,Manufacturing,Enterprise,42437,2024-12-23,Q4,2024,Stable,78,20000,21,0.64,3,3,7,24.9,3.5,0.89,74.4
COMP0511,Company 0511,Retail,Medium,42157,2024-12-23,Q4,2024,Live,81,0,76,0.75,1,8,7,18.5,3.6,0.93,79.8
COMP0512,Company 0512,Healthcare,Small,95630,2024-12-23,Q4,2024,Implementation,100,15000,73,0.43,2,4,10,3.2,4.6,0.83,77.9
COMP0513,Company 0513,Healthcare,Medium,23907,2024-12-26,Q4,2024,Implementation,74,0,89,0.63,5,5,27,39.8,4.1,0.83,74.1
COMP0514,Company 0514,Finance,Enterprise,95492,2024-12-27,Q4,2024,At Risk,90,15000,46,0.61,2,8,47,29.3,4.2,0.96,81.3
COMP0515,Company 0515,Manufacturing,Enterprise,76768,2024-12-30,Q4,2024,Implementation,82,0,15,0.5,0,5,42,2.7,4.6,0.85,75.0
COMP0516,Company 0516,Healthcare,Small,88843,2024-12-30,Q4,2024,Implementation,86,10000,68,0.69,3,0,23,19.1,4.2,0.84,80.1
COMP0517,Company 0517,Manufacturing,Enterprise,99134,2024-12-30,Q4,2024,At Risk,61,15000,85,0.87,4,2,7,36.7,4.2,0.95,80.2
COMP0518,Company 0518,Retail,Enterprise,58105,2025-01-01,Q1,2025,Live,67,5000,25,0.77,5,3,21,24.6,3.7,0.94,76.8
COMP0519,Company 0519,Technology,Medium,58990,2025-01-01,Q1,2025,Live,62,15000,81,0.72,3,10,50,31.4,5.0,0.87,77.6
COMP0520,Company 0520,Healthcare,Medium,67089,2025-01-02,Q1,2025,Live,98,15000,25,0.72,4,5,11,38.5,4.6,0.86,86.6
COMP0521,Company 0521,Finance,Medium,17153,2025-01-05,Q1,2025,At Risk,90,5000,16,0.82,5,4,7,8.9,4.3,1.0,88.8
COMP0522,Company 0522,Finance,Enterprise,88700,2025-01-06,Q1,2025,Implementation,75,5000,83,0.78,2,8,30,28.9,4.8,0.92,83.5
COMP0523,Company 0523,Finance,Medium,90699,2025-01-08,Q1,2025,Live,96,5000,31,0.44,2,5,33,26.5,4.5,0.85,77.0
COMP0524,Company 0524,Finance,Small,27430,2025-01-08,Q1,2025,Stable,68,5000,61,0.83,0,7,23,40.0,4.0,0.98,80.9
COMP0525,Company 0525,Retail,Medium,87642,2025-01-11,Q1,2025,Live,92,10000,74,0.93,1,10,7,46.1,4.5,0.99,93.3
COMP0526,Company 0526,Retail,Small,29265,2025-01-14,Q1,2025,Live,89,0,35,0.54,2,0,41,39.7,4.1,0.91,77.5
COMP0527,Company 0527,Finance,Enterprise,16672,2025-01-15,Q1,2025,Stable,99,15000,88,0.89,0,1,25,24.8,4.8,0.86,92.8
COMP0528,Company 0528,Finance,Small,84445,2025-01-15,Q1,2025,At Risk,65,5000,33,0.49,3,8,38,29.4,4.9,0.83,70.4
COMP0529,Company 0529,Finance,Medium,49188,2025-01-18,Q1,2025,Stable,81,20000,17,0.85,5,1,23,33.7,4.9,0.86,86.6
COMP0530,Company 0530,Technology,Small,54634,2025-01-21,Q1,2025,Stable,92,5000,35,0.87,1,10,37,26.9,3.6,0.85,85.1
COMP0531,Company 0531,Finance,Enterprise,18915,2025-01-22,Q1,2025,Implementation,71,10000,32,0.86,5,6,50,33.3,4.9,0.97,86.1
COMP0532,Company 0532,Technology,Small,77856,2025-01-24,Q1,2025,At Risk,80,10000,37,0.69,5,9,8,24.0,4.0,0.83,77.3
COMP0533,Company 0533,Healthcare,Enterprise,16133,2025-01-25,Q1,2025,Stable,82,10000,19,0.76,3,7,33,45.7,3.6,0.98,81.4
COMP0534,Company 0534,Finance,Enterprise,65993,2025-01-28,Q1,2025,At Risk,77,0,70,0.49,1,6,44,39.5,3.8,0.87,70.4
COMP0535,Company 0535,Technology,Small,56736,2025-01-28,Q1,2025,Stable,91,15000,79,0.93,5,1,41,14.7,4.9,0.88,92.4
COMP0536,Company 0536,Technology,Enterprise,31765,2025-01-31,Q1,2025,Stable,60,0,84,0.91,5,3,27,19.7,4.9,0.98,84.5
COMP0537,Company 0537,Retail,Enterprise,86905,2025-02-03,Q1,2025,Stable,69,20000,9,0.74,5,2,6,37.3,4.4,0.82,76.9
COMP0538,Company 0538,Technology,Enterprise,58368,2025-02-06,Q1,2025,Live,80,15000,84,0.48,5,4,28,29.8,4.9,0.94,76.8
COMP0539,Company 0539,Manufacturing,Enterprise,22823,2025-02-08,Q1,2025,Implementation,95,5000,42,0.85,5,10,45,15.5,3.7,0.85,85.8
COMP0540,Company 0540,Retail,Medium,71877,2025-02-08,Q1,2025,At Risk,87,15000,50,0.5,5,1,43,16.5,4.6,0.99,79.3
COMP0541,Company 0541,Healthcare,Small,80009,2025-02-08,Q1,2025,At Risk,60,0,99,0.76,5,0,29,4.8,3.6,0.98,74.8
COMP0542,Company 0542,Finance,Enterprise,46645,2025-02-09,Q1,2025,Implementation,65,20000,38,0.48,0,1,16,15.2,5.0,0.87,71.3
COMP0543,Company 0543,Healthcare,Enterprise,79040,2025-02-10,Q1,2025,Implementation,86,0,55,0.79,0,3,35,25.2,4.5,0.8,83.5
COMP0544,Company 0544,Retail,Enterprise,86715,2025-02-11,Q1,2025,Stable,91,20000,81,0.43,2,1,8,31.6,4.9,0.92,78.2
COMP0545,Company 0545,Manufacturing,Medium,49479,2025-02-13,Q1,2025,Stable,94,5000,38,0.95,3,8,41,30.2,4.3,0.84,90.7
COMP0546,Company 0546,Retail,Small,19837,2025-02-16,Q1,2025,Stable,96,15000,75,0.47,5,9,48,16.8,4.5,0.92,79.3
COMP0547,Company 0547,Technology,Small,87423,2025-02-16,Q1,2025,Implementation,78,0,60,0.73,4,3,43,24.6,3.6,0.88,77.3
COMP0548,Company 0548,Healthcare,Small,70641,2025-02-18,Q1,2025,Live,69,10000,56,0.69,3,0,14,14.7,3.6,0.9,73.8
COMP0549,Company 0549,Finance,Small,56238,2025-02-19,Q1,2025,Live,76,15000,65,0.67,5,10,28,4.5,4.1,0.85,76.3
COMP0550,Company 0550,Manufacturing,Small,39755,2025-02-19,Q1,2025,Implementation,77,5000,96,0.58,4,9,24,31.1,4.0,0.97,75.9
COMP0551,Company 0551,Retail,Small,41596,2025-02-22,Q1,2025,Stable,100,10000,23,0.77,5,9,10,36.8,4.6,0.9,89.5
COMP0552,Company 0552,Healthcare,Enterprise,50618,2025-02-22,Q1,2025,Stable,91,10000,95,0.73,2,9,36,28.6,4.3,1.0,86.4
COMP0553,Company 0553,Technology,Small,51896,2025-02-22,Q1,2025,Stable,77,15000,78,0.42,0,5,21,36.4,3.6,0.89,67.9
COMP0554,Company 0554,Technology,Enterprise,59749,2025-02-23,Q1,2025,Stable,65,10000,27,0.51,0,10,34,1.9,4.8,0.86,71.2
COMP0555,Company 0555,Healthcare,Small,96104,2025-02-23,Q1,2025,Implementation,97,15000,5,0.94,0,9,39,14.6,4.9,0.86,94.1
COMP0556,Company 0556,Retail,Enterprise,92589,2025-02-24,Q1,2025,Stable,71,15000,86,0.42,0,5,10,16.4,4.2,0.98,70.3
COMP0557,Company 0557,Manufacturing,Small,51060,2025-02-27,Q1,2025,Stable,62,15000,23,0.6,5,7,43,30.0,4.6,0.97,74.4
COMP0558,Company 0558,Manufacturing,Enterprise,25471,2025-02-27,Q1,2025,Live,97,5000,63,0.88,5,5,27,25.9,4.9,0.96,94.3
COMP0559,Company 0559,Retail,Enterprise,14205,2025-03-02,Q1,2025,Stable,74,15000,23,0.7,2,9,32,45.9,3.7,0.92,76.4
COMP0560,Company 0560,Healthcare,Medium,14136,2025-03-02,Q1,2025,At Risk,87,20000,89,0.93,2,9,38,19.8,4.7,0.84,89.6
COMP0561,Company 0561,Manufacturing,Enterprise,20858,2025-03-03,Q1,2025,Stable,80,5000,46,0.72,5,9,20,3.3,4.1,0.86,79.2
COMP0562,Company 0562,Retail,Small,69977,2025-03-06,Q1,2025,Live,75,20000,100,0.83,4,6,42,47.3,4.9,0.84,83.8
COMP0563,Company 0563,Technology,Small,16886,2025-03-08,Q1,2025,Live,85,5000,60,0.45,5,7,25,3.2,3.9,0.98,74.2
COMP0564,Company 0564,Retail,Enterprise,22451,2025-03-10,Q1,2025,Implementation,66,5000,50,0.73,4,9,42,11.3,4.8,0.83,77.5
COMP0565,Company 0565,Healthcare,Enterprise,17997,2025-03-10,Q1,2025,At Risk,65,20000,54,0.44,0,3,33,45.3,4.2,0.91,67.7
COMP0566,Company 0566,Retail,Small,70868,2025-03-13,Q1,2025,Stable,68,5000,7,0.69,3,6,37,33.9,4.3,0.85,75.3
COMP0567,Company 0567,Manufacturing,Small,34043,2025-03-16,Q1,2025,Stable,74,20000,62,0.72,2,10,32,42.9,3.7,0.81,74.8
COMP0568,Company 0568,Retail,Enterprise,70384,2025-03-17,Q1,2025,Live,94,15000,52,0.4,2,8,9,19.8,3.7,0.86,72.2
COMP0569,Company 0569,Healthcare,Small,50808,2025-03-20,Q1,2025,Live,93,10000,6,0.79,0,10,47,34.7,4.7,0.85,87.4
COMP0570,Company 0570,Technology,Small,29945,2025-03-20,Q1,2025,Stable,83,10000,86,0.44,5,4,32,3.0,4.7,0.92,75.3
COMP0571,Company 0571,Retail,Enterprise,98525,2025-03-23,Q1,2025,Stable,80,0,42,0.43,2,9,23,19.1,4.6,0.89,73.1
COMP0572,Company 0572,Technology,Medium,24318,2025-03-23,Q1,2025,At Risk,80,10000,91,0.66,0,1,18,38.0,4.7,0.81,78.8
COMP0573,Company 0573,Finance,Small,98319,2025-03-25,Q1,2025,At Risk,85,5000,16,0.8,1,8,9,7.1,4.9,0.85,86.1
COMP0574,Company 0574,Retail,Enterprise,44939,2025-03-26,Q1,2025,Stable,99,0,100,0.75,4,7,40,3.8,4.7,0.97,90.4
COMP0575,Company 0575,Healthcare,Medium,57239,2025-03-26,Q1,2025,Live,93,20000,46,0.51,0,3,41,30.0,4.1,0.98,79.2
COMP0576,Company 0576,Technology,Medium,50317,2025-03-28,Q1,2025,Stable,70,0,13,0.81,3,7,18,47.0,3.9,0.94,79.7
COMP0577,Company 0577,Technology,Small,14337,2025-03-31,Q1,2025,Implementation,78,5000,100,0.68,2,1,43,12.6,3.7,0.93,77.2
COMP0578,Company 0578,Healthcare,Medium,22074,2025-03-31,Q1,2025,At Risk,90,15000,79,0.61,4,10,5,27.0,4.1,0.87,79.1
COMP0579,Company 0579,Manufacturing,Small,41134,2025-04-01,Q2,2025,Live,82,15000,29,0.51,0,0,9,29.8,4.1,0.8,72.3
COMP0580,Company 0580,Manufacturing,Medium,14443,2025-04-01,Q2,2025,Implementation,63,20000,53,0.61,4,6,9,18.0,4.7,0.95,75.0
COMP0581,Company 0581,Technology,Enterprise,49154,2025-04-01,Q2,2025,Live,92,10000,24,0.93,1,3,33,8.0,4.7,0.93,92.9
COMP0582,Company 0582,Manufacturing,Small,87972,2025-04-01,Q2,2025,Implementation,91,5000,36,0.68,3,5,12,45.1,4.0,0.85,80.7
COMP0583,Company 0583,Healthcare,Small,98199,2025-04-01,Q2,2025,Implementation,76,15000,44,0.93,3,8,6,2.2,4.7,0.93,88.1
COMP0584,Company 0584,Healthcare,Small,20278,2025-04-04,Q2,2025,At Risk,96,20000,93,0.93,3,10,42,2.4,4.5,0.88,92.3
COMP0585,Company 0585,Manufacturing,Medium,45450,2025-04-06,Q2,2025,At Risk,60,15000,66,0.83,4,10,47,30.2,4.7,0.83,78.3
COMP0586,Company 0586,Manufacturing,Small,59206,2025-04-07,Q2,2025,Implementation,90,20000,90,0.62,3,3,37,22.6,4.7,0.96,83.6
COMP0587,Company 0587,Manufacturing,Small,42991,2025-04-10,Q2,2025,At Risk,78,20000,63,0.42,5,1,22,3.3,3.6,0.94,69.2
COMP0588,Company 0588,Technology,Enterprise,92721,2025-04-12,Q2,2025,Live,82,10000,83,0.87,4,7,21,41.0,3.7,0.84,82.3
COMP0589,Company 0589,Manufacturing,Small,60254,2025-04-12,Q2,2025,Live,95,0,26,0.49,2,3,18,35.0,4.7,0.87,79.4
COMP0590,Company 0590,Finance,Enterprise,93176,2025-04-12,Q2,2025,Live,94,20000,90,0.88,3,0,28,26.4,3.8,0.87,87.2
COMP0591,Company 0591,Finance,Medium,43463,2025-04-14,Q2,2025,At Risk,96,15000,5,0.65,4,8,12,39.8,3.5,0.89,80.1
COMP0592,Company 0592,Retail,Small,41844,2025-04-14,Q2,2025,Live,67,15000,77,0.73,1,0,5,43.3,4.5,0.87,77.4
COMP0593,Company 0593,Finance,Small,53217,2025-04-14,Q2,2025,At Risk,75,5000,97,0.44,3,7,5,45.4,4.8,0.97,74.3
COMP0594,Company 0594,Retail,Enterprise,60796,2025-04-15,Q2,2025,Stable,75,10000,98,0.89,3,3,12,16.1,4.1,0.81,81.8
COMP0595,Company 0595,Finance,Medium,18672,2025-04-16,Q2,2025,At Risk,66,15000,66,0.65,2,7,30,21.8,3.6,0.93,72.3
COMP0596,Company 0596,Manufacturing,Enterprise,29015,2025-04-18,Q2,2025,At Risk,100,20000,9,0.47,1,3,5,32.8,4.3,0.97,80.7
COMP0597,Company 0597,Manufacturing,Small,66988,2025-04-20,Q2,2025,Live,80,10000,59,0.6,0,7,48,7.8,4.1,0.98,78.0
COMP0598,Company 0598,Technology,Medium,38146,2025-04-22,Q2,2025,At Risk,77,0,78,0.54,0,6,21,45.4,3.6,0.85,70.7
COMP0599,Company 0599,Finance,Enterprise,83297,2025-04-24,Q2,2025,At Risk,81,10000,13,0.79,2,2,23,10.2,4.9,0.85,84.6
COMP0600,Company 0600,Manufacturing,Enterprise,88286,2025-04-26,Q2,2025,At Risk,93,20000,89,0.44,3,6,18,38.9,4.6,0.95,78.5
COMP0601,Company 0601,Finance,Medium,15848,2025-04-29,Q2,2025,Live,69,10000,17,0.73,5,5,32,36.0,4.7,0.96,80.6
COMP0602,Company 0602,Retail,Small,74400,2025-05-01,Q2,2025,At Risk,85,0,99,0.81,2,5,13,41.8,4.8,0.85,86.0
COMP0603,Company 0603,Technology,Medium,39560,2025-05-04,Q2,2025,Live,69,0,92,0.78,5,4,22,17.9,4.5,0.92,80.5
COMP0604,Company 0604,Healthcare,Medium,52578,2025-05-06,Q2,2025,Stable,61,15000,59,0.63,3,9,47,5.4,4.5,0.87,72.6
COMP0605,Company 0605,Retail,Medium,75581,2025-05-08,Q2,2025,At Risk,99,20000,90,0.9,5,8,25,26.5,4.2,0.91,91.7
COMP0606,Company 0606,Finance,Small,83553,2025-05-10,Q2,2025,Stable,86,10000,7,0.7,2,10,5,44.7,4.0,0.84,79.6
COMP0607,Company 0607,Healthcare,Medium,21843,2025-05-13,Q2,2025,At Risk,79,20000,27,0.62,5,1,16,43.7,4.7,0.86,78.3
COMP0608,Company 0608,Finance,Enterprise,74090,2025-05-13,Q2,2025,Implementation,61,20000,95,0.51,2,6,49,35.1,3.6,0.96,67.2
COMP0609,Company 0609,Finance,Medium,54968,2025-05-14,Q2,2025,At Risk,78,5000,96,0.83,4,1,29,47.3,4.7,0.91,85.3
COMP0610,Company 0610,Technology,Enterprise,30391,2025-05-14,Q2,2025,At Risk,91,5000,70,0.46,1,5,45,30.1,3.8,0.92,74.7
COMP0611,Company 0611,Manufacturing,Small,11898,2025-05-15,Q2,2025,Stable,80,10000,43,0.79,0,5,14,20.9,4.2,0.97,83.9
COMP0612,Company 0612,Technology,Medium,29047,2025-05-18,Q2,2025,At Risk,92,0,32,0.8,3,7,26,40.7,4.8,0.95,89.8
COMP0613,Company 0613,Healthcare,Medium,91875,2025-05-19,Q2,2025,Implementation,84,20000,89,0.54,0,10,10,43.8,3.8,0.87,74.0
COMP0614,Company 0614,Retail,Enterprise,15613,2025-05-21,Q2,2025,Stable,95,10000,43,0.54,0,7,16,40.1,3.9,0.85,77.3
COMP0615,Company 0615,Healthcare,Enterprise,90608,2025-05-22,Q2,2025,Implementation,74,0,98,0.71,4,9,13,11.5,4.1,0.95,78.9
COMP0616,Company 0616,Technology,Enterprise,90211,2025-05-25,Q2,2025,At Risk,88,15000,60,0.88,2,8,47,3.6,4.3,0.85,87.0
COMP0617,Company 0617,Retail,Small,43745,2025-05-28,Q2,2025,Implementation,88,0,27,0.74,5,4,43,8.1,4.6,0.94,85.8
COMP0618,Company 0618,Technology,Medium,93247,2025-05-30,Q2,2025,Live,83,5000,49,0.69,0,3,39,30.5,4.0,0.83,78.2
COMP0619,Company 0619,Finance,Small,64539,2025-06-02,Q2,2025,Stable,75,20000,66,0.49,5,2,24,12.4,4.1,0.85,70.6
COMP0620,Company 0620,Manufacturing,Enterprise,79772,2025-06-05,Q2,2025,Implementation,62,5000,95,0.81,4,8,19,2.9,4.0,1.0,78.9
COMP0621,Company 0621,Technology,Enterprise,55746,2025-06-05,Q2,2025,Implementation,66,0,71,0.53,2,5,37,18.7,3.8,0.82,67.3
COMP0622,Company 0622,Technology,Medium,37308,2025-06-05,Q2,2025,Live,93,15000,64,0.66,1,9,41,27.8,3.5,0.93,80.3
COMP0623,Company 0623,Technology,Medium,48567,2025-06-08,Q2,2025,Stable,78,0,77,0.84,3,7,14,30.7,4.7,0.85,84.4
COMP0624,Company 0624,Healthcare,Enterprise,58594,2025-06-09,Q2,2025,At Risk,92,0,63,0.79,1,4,16,46.0,4.3,0.81,84.7
COMP0625,Company 0625,Finance,Small,29891,2025-06-10,Q2,2025,At Risk,69,20000,43,0.41,1,0,43,32.4,5.0,0.91,71.2
COMP0626,Company 0626,Manufacturing,Small,27237,2025-06-13,Q2,2025,Live,97,5000,18,0.85,3,8,36,15.4,4.9,0.81,90.4
COMP0627,Company 0627,Healthcare,Enterprise,93631,2025-06-14,Q2,2025,Live,76,0,82,0.84,0,5,6,10.4,4.1,0.94,83.2
COMP0628,Company 0628,Healthcare,Enterprise,81528,2025-06-14,Q2,2025,At Risk,67,0,40,0.57,4,8,46,2.2,4.5,0.87,72.6
COMP0629,Company 0629,Technology,Enterprise,71554,2025-06-14,Q2,2025,Stable,73,0,38,0.4,2,10,12,25.0,4.7,0.84,69.5
COMP0630,Company 0630,Finance,Enterprise,64983,2025-06-16,Q2,2025,Implementation,76,5000,12,0.48,3,3,15,40.0,4.3,0.98,74.0
COMP0631,Company 0631,Technology,Enterprise,28378,2025-06-17,Q2,2025,Live,88,20000,54,0.42,5,6,27,3.2,3.9,0.83,71.2
COMP0632,Company 0632,Finance,Small,27761,2025-06-20,Q2,2025,Implementation,100,10000,57,0.58,2,7,26,18.6,3.8,0.88,80.2
COMP0633,Company 0633,Retail,Small,79379,2025-06-21,Q2,2025,Stable,79,0,98,0.58,0,5,9,8.0,4.3,0.93,76.9
COMP0634,Company 0634,Finance,Small,89125,2025-06-21,Q2,2025,At Risk,80,5000,53,0.88,5,3,8,43.7,4.4,0.88,85.6
COMP0635,Company 0635,Finance,Enterprise,92687,2025-06-21,Q2,2025,Live,74,10000,47,0.76,2,3,6,12.6,3.7,0.91,78.0
COMP0636,Company 0636,Retail,Medium,46263,2025-06-22,Q2,2025,Implementation,69,0,95,0.94,5,1,16,44.9,5.0,0.95,87.9
COMP0637,Company 0637,Healthcare,Medium,99867,2025-06-23,Q2,2025,At Risk,65,10000,93,0.6,1,8,41,13.7,4.1,0.92,72.3
COMP0638,Company 0638,Retail,Small,26917,2025-06-23,Q2,2025,Stable,93,10000,98,0.51,0,9,22,39.2,4.3,0.97,79.8
COMP0639,Company 0639,Finance,Medium,12115,2025-06-24,Q2,2025,Live,95,0,53,0.84,2,5,6,15.4,4.9,0.93,91.9
COMP0640,Company 0640,Retail,Enterprise,44398,2025-06-27,Q2,2025,Live,97,5000,50,0.56,2,6,35,17.6,4.1,0.81,78.5
COMP0641,Company 0641,Retail,Medium,29819,2025-06-30,Q2,2025,Stable,93,20000,19,0.61,0,7,12,33.3,3.6,0.83,77.2
COMP0642,Company 0642,Healthcare,Medium,53332,2025-06-30,Q2,2025,Implementation,76,5000,15,0.46,2,9,40,47.7,4.7,0.85,72.4
COMP0643,Company 0643,Retail,Small,71393,2025-07-02,Q3,2025,Live,100,0,62,0.91,4,6,26,16.5,4.2,0.99,93.9
COMP0644,Company 0644,Technology,Medium,89775,2025-07-04,Q3,2025,At Risk,96,15000,65,0.85,4,5,48,28.4,4.3,0.97,90.9
COMP0645,Company 0645,Healthcare,Small,50866,2025-07-05,Q3,2025,Live,97,10000,42,0.63,2,7,9,36.1,4.1,0.81,80.6
COMP0646,Company 0646,Healthcare,Enterprise,99689,2025-07-08,Q3,2025,Implementation,97,5000,95,0.73,1,3,25,11.0,4.8,0.89,88.0
COMP0647,Company 0647,Finance,Small,68376,2025-07-10,Q3,2025,Live,92,0,44,0.69,4,10,31,5.1,4.0,0.96,83.5
COMP0648,Company 0648,Manufacturing,Medium,30949,2025-07-11,Q3,2025,Stable,74,15000,32,0.49,0,6,45,30.1,3.6,0.88,68.9
COMP0649,Company 0649,Manufacturing,Medium,13311,2025-07-13,Q3,2025,Live,75,10000,86,0.58,1,4,26,9.0,4.7,0.98,78.3
COMP0650,Company 0650,Technology,Small,70213,2025-07-15,Q3,2025,At Risk,100,15000,9,0.85,2,8,17,46.2,4.9,0.91,93.3
COMP0651,Company 0651,Retail,Small,27883,2025-07-15,Q3,2025,Stable,82,0,40,0.78,3,6,13,17.7,4.7,0.95,85.8
COMP0652,Company 0652,Healthcare,Medium,34928,2025-07-17,Q3,2025,Implementation,92,10000,35,0.78,5,5,5,43.6,3.6,0.91,83.6
COMP0653,Company 0653,Finance,Medium,20653,2025-07-18,Q3,2025,Stable,93,5000,49,0.68,5,6,13,1.4,4.0,0.95,83.3
COMP0654,Company 0654,Finance,Enterprise,26839,2025-07-19,Q3,2025,Live,60,20000,24,0.43,5,1,43,36.3,3.5,1.0,64.9
COMP0655,Company 0655,Finance,Small,92782,2025-07-21,Q3,2025,Live,93,20000,88,0.86,0,2,24,18.0,4.6,0.86,89.3
COMP0656,Company 0656,Healthcare,Small,18918,2025-07-23,Q3,2025,Stable,71,15000,90,0.81,2,5,39,44.4,4.6,0.84,80.8
COMP0657,Company 0657,Healthcare,Small,73922,2025-07-26,Q3,2025,Live,78,10000,98,0.89,2,0,44,35.7,3.5,0.91,82.3
COMP0658,Company 0658,Healthcare,Medium,16535,2025-07-29,Q3,2025,At Risk,66,0,8,0.86,0,0,23,19.7,4.3,0.99,82.6
COMP0659,Company 0659,Technology,Small,40844,2025-07-30,Q3,2025,Stable,82,5000,45,0.78,0,9,24,10.4,4.8,0.87,84.6
COMP0660,Company 0660,Healthcare,Enterprise,61193,2025-08-01,Q3,2025,Live,67,0,74,0.82,0,1,43,22.5,4.3,0.92,80.3
COMP0661,Company 0661,Technology,Small,37971,2025-08-04,Q3,2025,At Risk,64,0,12,0.59,0,7,9,39.1,3.8,0.89,69.9
COMP0662,Company 0662,Finance,Enterprise,65210,2025-08-07,Q3,2025,Live,69,5000,67,0.89,1,5,22,25.8,4.3,0.94,83.4
COMP0663,Company 0663,Retail,Enterprise,69208,2025-08-10,Q3,2025,Live,97,0,8,0.92,5,9,46,46.5,4.8,0.99,95.7
COMP0664,Company 0664,Healthcare,Enterprise,14481,2025-08-13,Q3,2025,Implementation,68,20000,54,0.88,5,6,8,5.9,4.8,0.87,83.4
COMP0665,Company 0665,Retail,Enterprise,90367,2025-08-14,Q3,2025,Stable,60,15000,11,0.92,5,7,35,28.5,3.8,0.97,80.2
COMP0666,Company 0666,Healthcare,Medium,51788,2025-08-14,Q3,2025,Stable,77,0,47,0.63,1,7,48,44.4,4.6,0.92,78.8
COMP0667,Company 0667,Manufacturing,Medium,36400,2025-08-17,Q3,2025,At Risk,62,15000,18,0.54,5,1,5,30.9,3.5,0.93,67.4
COMP0668,Company 0668,Retail,Small,37384,2025-08-17,Q3,2025,Stable,86,0,94,0.83,5,10,10,41.5,3.7,0.91,83.7
COMP0669,Company 0669,Retail,Enterprise,75038,2025-08-17,Q3,2025,Live,90,5000,88,0.72,4,1,22,37.9,4.9,0.81,84.4
COMP0670,Company 0670,Manufacturing,Small,17992,2025-08-18,Q3,2025,At Risk,84,15000,18,0.71,4,10,33,7.5,3.9,0.96,81.3
COMP0671,Company 0671,Technology,Medium,17391,2025-08-19,Q3,2025,Live,73,0,91,0.42,1,9,32,41.4,3.5,0.8,64.5
COMP0672,Company 0672,Technology,Enterprise,69851,2025-08-22,Q3,2025,Implementation,63,5000,65,0.72,1,5,19,40.3,4.5,0.96,77.7
COMP0673,Company 0673,Finance,Medium,61090,2025-08-22,Q3,2025,Implementation,86,20000,47,0.65,0,2,41,16.3,4.0,0.95,80.3
COMP0674,Company 0674,Finance,Small,60913,2025-08-24,Q3,2025,At Risk,91,0,33,0.93,4,5,46,44.1,5.0,0.92,93.6
COMP0675,Company 0675,Technology,Small,44184,2025-08-24,Q3,2025,Stable,82,0,21,0.81,3,2,47,27.1,3.9,0.94,83.3
COMP0676,Company 0676,Finance,Enterprise,65557,2025-08-24,Q3,2025,Implementation,97,20000,17,0.91,0,10,38,9.8,4.9,0.85,93.0
COMP0677,Company 0677,Healthcare,Medium,46573,2025-08-27,Q3,2025,At Risk,93,10000,55,0.78,5,1,17,3.6,4.9,0.84,87.7
COMP0678,Company 0678,Technology,Enterprise,62817,2025-08-30,Q3,2025,Stable,66,5000,100,0.91,3,2,43,40.0,5.0,0.87,84.5
COMP0679,Company 0679,Healthcare,Medium,84239,2025-09-01,Q3,2025,Stable,81,0,53,0.66,0,6,31,23.5,4.0,0.92,78.5
COMP0680,Company 0680,Finance,Enterprise,49245,2025-09-02,Q3,2025,Stable,71,20000,86,0.5,5,1,15,46.6,4.0,0.98,71.9
COMP0681,Company 0681,Retail,Enterprise,12409,2025-09-02,Q3,2025,Live,72,10000,97,0.8,5,0,6,39.7,3.7,0.98,80.0
COMP0682,Company 0682,Manufacturing,Enterprise,48862,2025-09-03,Q3,2025,Implementation,95,20000,95,0.86,2,0,30,37.7,4.5,0.99,92.1
COMP0683,Company 0683,Finance,Enterprise,11841,2025-09-05,Q3,2025,At Risk,85,5000,40,0.93,5,2,10,4.0,4.3,0.86,87.8
COMP0684,Company 0684,Retail,Enterprise,75721,2025-09-05,Q3,2025,Implementation,90,20000,94,0.85,5,0,43,28.6,3.8,0.92,86.1
COMP0685,Company 0685,Finance,Enterprise,43616,2025-09-07,Q3,2025,Stable,91,5000,78,0.57,0,5,42,17.1,4.0,0.87,77.8
COMP0686,Company 0686,Manufacturing,Medium,37578,2025-09-07,Q3,2025,Implementation,90,20000,29,0.68,3,4,21,46.7,4.1,0.91,82.0
COMP0687,Company 0687,Finance,Medium,14728,2025-09-08,Q3,2025,Stable,96,15000,11,0.66,5,6,46,1.3,4.7,0.93,86.0
COMP0688,Company 0688,Technology,Small,41316,2025-09-09,Q3,2025,Stable,77,15000,52,0.66,5,4,44,10.4,3.8,0.88,75.7
COMP0689,Company 0689,Technology,Small,18304,2025-09-12,Q3,2025,Stable,77,20000,50,0.64,2,7,13,40.1,4.9,0.87,79.3
COMP0690,Company 0690,Retail,Medium,61228,2025-09-12,Q3,2025,Stable,100,20000,59,0.8,3,4,37,12.2,4.1,0.96,89.6
COMP0691,Company 0691,Technology,Medium,54841,2025-09-14,Q3,2025,Implementation,75,5000,34,0.93,0,0,46,13.5,3.5,0.94,83.2
COMP0692,Company 0692,Retail,Small,31104,2025-09-17,Q3,2025,Live,99,0,14,0.67,2,8,24,3.6,4.2,0.96,85.8
COMP0693,Company 0693,Retail,Small,95716,2025-09-20,Q3,2025,Stable,85,0,45,0.42,5,3,34,15.2,3.8,0.89,71.1
COMP0694,Company 0694,Technology,Medium,69708,2025-09-22,Q3,2025,At Risk,98,0,64,0.83,1,0,16,31.1,3.7,0.97,88.5
COMP0695,Company 0695,Manufacturing,Medium,71063,2025-09-24,Q3,2025,Implementation,92,0,22,0.45,2,8,7,21.0,4.8,0.81,76.5
COMP0696,Company 0696,Technology,Small,87588,2025-09-24,Q3,2025,Live,96,15000,99,0.6,4,3,8,25.0,4.0,0.81,79.0
COMP0697,Company 0697,Retail,Enterprise,23262,2025-09-27,Q3,2025,Stable,71,5000,64,0.84,3,3,38,23.8,4.5,0.95,83.5
COMP0698,Company 0698,Technology,Small,11710,2025-09-28,Q3,2025,Live,100,10000,12,0.85,4,9,18,14.8,4.8,0.94,93.5
COMP0699,Company 0699,Retail,Small,27660,2025-10-01,Q4,2025,Implementation,73,5000,62,0.57,3,5,42,38.7,3.8,0.96,73.4
COMP0700,Company 0700,Manufacturing,Medium,31674,2025-10-03,Q4,2025,Implementation,78,20000,7,0.65,4,7,8,31.4,3.9,0.81,74.7
COMP0701,Company 0701,Manufacturing,Medium,69199,2025-10-03,Q4,2025,Live,92,20000,29,0.7,4,2,49,22.8,3.8,0.87,81.2
COMP0702,Company 0702,Finance,Medium,15346,2025-10-05,Q4,2025,Live,75,0,30,0.54,0,6,47,29.6,4.5,1.0,76.7
COMP0703,Company 0703,Finance,Medium,29293,2025-10-06,Q4,2025,Live,80,5000,42,0.88,4,6,44,12.8,4.3,0.97,87.0
COMP0704,Company 0704,Retail,Medium,63703,2025-10-07,Q4,2025,Stable,63,10000,96,0.84,0,10,48,27.6,4.1,0.93,79.1
COMP0705,Company 0705,Manufacturing,Enterprise,10774,2025-10-08,Q4,2025,At Risk,80,20000,52,0.6,3,2,14,41.7,3.8,0.96,76.4
COMP0706,Company 0706,Manufacturing,Medium,71900,2025-10-09,Q4,2025,Stable,100,0,15,0.66,4,5,49,36.5,4.6,0.99,88.0
COMP0707,Company 0707,Technology,Enterprise,99986,2025-10-09,Q4,2025,Stable,75,10000,26,0.94,5,5,26,15.5,5.0,0.88,88.3
COMP0708,Company 0708,Technology,Medium,36881,2025-10-09,Q4,2025,Implementation,93,15000,50,0.42,4,9,16,26.5,4.5,0.99,78.3
COMP0709,Company 0709,Healthcare,Medium,99167,2025-10-10,Q4,2025,At Risk,94,20000,32,0.74,1,7,11,16.0,4.2,0.9,85.2
COMP0710,Company 0710,Technology,Enterprise,79241,2025-10-12,Q4,2025,Implementation,63,0,99,0.55,1,3,11,45.6,4.4,0.9,71.0
COMP0711,Company 0711,Healthcare,Medium,46458,2025-10-13,Q4,2025,Live,100,15000,33,0.48,4,7,14,39.6,4.6,0.87,80.2
COMP0712,Company 0712,Retail,Small,95336,2025-10-13,Q4,2025,Stable,61,0,97,0.8,3,0,13,7.1,4.0,0.9,76.3
COMP0713,Company 0713,Healthcare,Medium,88148,2025-10-14,Q4,2025,At Risk,93,10000,99,0.71,0,0,40,27.0,4.8,0.89,86.2
COMP0714,Company 0714,Technology,Small,40752,2025-10-15,Q4,2025,Live,76,15000,86,0.51,3,2,31,27.9,4.3,0.8,71.3
COMP0715,Company 0715,Finance,Enterprise,92007,2025-10-16,Q4,2025,Implementation,93,5000,7,0.44,0,6,38,23.3,4.7,0.93,78.5
COMP0716,Company 0716,Healthcare,Small,98885,2025-10-18,Q4,2025,Live,98,15000,84,0.55,2,7,9,35.1,4.8,0.9,83.1
COMP0717,Company 0717,Technology,Enterprise,59974,2025-10-18,Q4,2025,Live,61,0,38,0.67,5,1,6,44.5,4.9,0.89,75.8
COMP0718,Company 0718,Finance,Small,75987,2025-10-19,Q4,2025,At Risk,92,10000,8,0.64,2,4,29,17.4,3.7,0.8,77.6
COMP0719,Company 0719,Finance,Small,99612,2025-10-22,Q4,2025,Stable,85,10000,73,0.66,1,8,46,9.8,4.6,0.89,81.5
COMP0720,Company 0720,Manufacturing,Enterprise,72468,2025-10-23,Q4,2025,Live,64,0,19,0.6,0,6,7,15.1,4.0,0.88,70.8
COMP0721,Company 0721,Manufacturing,Medium,85735,2025-10-24,Q4,2025,Stable,95,15000,68,0.63,5,5,36,26.1,4.9,0.97,86.4
COMP0722,Company 0722,Healthcare,Enterprise,23490,2025-10-26,Q4,2025,Implementation,80,0,55,0.89,3,8,16,24.3,3.5,0.81,80.9
COMP0723,Company 0723,Retail,Enterprise,22361,2025-10-27,Q4,2025,Stable,66,10000,84,0.87,1,0,23,8.7,4.7,0.95,83.7
COMP0724,Company 0724,Retail,Small,76821,2025-10-27,Q4,2025,Live,63,5000,50,0.58,4,8,35,43.6,5.0,0.95,75.3
COMP0725,Company 0725,Manufacturing,Enterprise,13657,2025-10-29,Q4,2025,Live,83,15000,50,0.4,0,1,45,7.1,3.7,0.93,70.3
COMP0726,Company 0726,Healthcare,Small,73023,2025-10-29,Q4,2025,Stable,62,5000,88,0.92,0,9,23,17.3,4.5,0.97,83.6
COMP0727,Company 0727,Technology,Enterprise,33115,2025-11-01,Q4,2025,At Risk,94,5000,29,0.86,1,7,8,15.5,3.9,0.9,87.6
COMP0728,Company 0728,Retail,Medium,10762,2025-11-01,Q4,2025,Live,100,0,21,0.92,2,5,33,20.2,4.2,0.92,92.8
COMP0729,Company 0729,Technology,Medium,21008,2025-11-02,Q4,2025,Stable,71,15000,41,0.68,2,2,35,22.1,3.5,0.91,73.9
COMP0730,Company 0730,Manufacturing,Medium,38264,2025-11-05,Q4,2025,Live,80,20000,83,0.64,2,1,47,1.3,3.9,0.91,77.0
COMP0731,Company 0731,Technology,Medium,84764,2025-11-08,Q4,2025,At Risk,61,15000,87,0.43,0,10,20,18.5,4.7,0.85,67.0
COMP0732,Company 0732,Technology,Medium,13331,2025-11-11,Q4,2025,Stable,99,0,91,0.86,0,9,43,40.4,3.9,0.96,90.3
COMP0733,Company 0733,Healthcare,Small,38448,2025-11-11,Q4,2025,Live,91,15000,51,0.62,1,3,25,11.5,3.9,0.97,80.9
COMP0734,Company 0734,Healthcare,Small,37919,2025-11-13,Q4,2025,Live,81,10000,11,0.8,3,9,17,14.5,4.6,0.82,83.1
COMP0735,Company 0735,Manufacturing,Small,31269,2025-11-13,Q4,2025,Implementation,63,10000,6,0.87,5,1,32,28.9,4.7,0.95,82.8
COMP0736,Company 0736,Healthcare,Small,71926,2025-11-14,Q4,2025,Implementation,80,10000,85,0.88,4,7,7,28.4,3.6,0.8,80.8
COMP0737,Company 0737,Healthcare,Small,62110,2025-11-14,Q4,2025,Live,82,5000,30,0.73,4,1,24,7.5,3.9,0.88,79.7
COMP0738,Company 0738,Finance,Enterprise,91520,2025-11-17,Q4,2025,At Risk,75,10000,90,0.83,5,3,29,9.9,4.5,0.88,83.0
COMP0739,Company 0739,Technology,Small,52826,2025-11-18,Q4,2025,Live,82,20000,38,0.7,0,3,27,35.9,3.9,0.82,77.6
COMP0740,Company 0740,Healthcare,Small,88887,2025-11-20,Q4,2025,Implementation,86,5000,52,0.64,0,2,11,22.7,4.2,0.89,79.6
COMP0741,Company 0741,Finance,Small,52949,2025-11-23,Q4,2025,Implementation,89,10000,100,0.86,4,2,15,18.4,4.5,0.9,88.5
COMP0742,Company 0742,Technology,Enterprise,96769,2025-11-24,Q4,2025,Live,66,15000,73,0.88,3,3,43,47.6,4.0,0.95,81.2
COMP0743,Company 0743,Retail,Enterprise,90303,2025-11-25,Q4,2025,Implementation,67,5000,22,0.65,5,8,30,8.8,3.7,0.82,70.8
COMP0744,Company 0744,Technology,Small,11895,2025-11-26,Q4,2025,At Risk,74,0,78,0.89,0,3,14,9.6,4.6,0.85,84.3
COMP0745,Company 0745,Retail,Enterprise,59174,2025-11-28,Q4,2025,Stable,79,0,16,0.53,4,4,40,34.7,4.4,0.84,74.0
COMP0746,Company 0746,Manufacturing,Enterprise,90805,2025-12-01,Q4,2025,Live,73,0,7,0.79,3,3,23,18.5,4.5,0.86,80.8
COMP0747,Company 0747,Technology,Medium,19393,2025-12-04,Q4,2025,Implementation,80,0,99,0.62,2,0,17,32.0,4.5,0.84,77.4
COMP0748,Company 0748,Retail,Small,78290,2025-12-06,Q4,2025,Stable,82,10000,64,0.53,5,4,46,46.2,4.0,0.92,74.9
COMP0749,Company 0749,Finance,Medium,76446,2025-12-06,Q4,2025,Implementation,77,10000,92,0.94,4,3,37,17.0,3.9,0.97,86.3
